TranscriptID,Label,prob,fold
XM_027391677.2,0,0.27267867,1
NM_001243987.1,0,0.3309156,1
XM_027388575.2,1,0.83249015,1
XM_027390668.2,0,0.41436255,1
XM_027388533.2,1,0.38713112,1
XM_035453121.1,0,0.1590885,1
XM_027392007.2,0,0.6318293,1
XM_027389598.2,1,0.8331693,1
XM_035453196.1,0,0.19100566,1
XM_035450988.1,1,0.8338331,1
XM_035453099.1,0,0.18455216,1
XM_027387384.1,0,0.16900457,1
XM_027395804.2,0,0.26875895,1
XM_035450335.1,0,0.20111912,1
XM_027388370.2,0,0.23637185,1
NM_001244267.1,1,0.79518616,1
NM_001246751.1,0,0.23147644,1
XM_027394982.2,0,0.7200454,1
XM_027394814.2,1,0.38434908,1
XM_027386861.2,0,0.2975273,1
XM_027393703.2,1,0.49805287,1
XM_027386863.2,0,0.4053345,1
XM_035452287.1,0,0.16607083,1
XM_027393611.2,0,0.3699061,1
NM_001244411.1,0,0.64773864,1
XM_027392514.2,1,0.87156713,1
XM_035453442.1,1,0.22083895,1
XM_027389475.2,1,0.30804062,1
XM_027392223.2,0,0.6646265,1
XM_027392243.2,0,0.84347284,1
XM_027386880.2,1,0.26137614,1
XM_027390385.2,0,0.2468852,1
XM_027391627.2,0,0.24000053,1
XM_027390951.2,1,0.507888,1
XM_035452365.1,1,0.2618317,1
XM_027387336.2,1,0.50402343,1
XM_027388604.2,1,0.67913866,1
XM_035450920.1,1,0.25206733,1
XM_035451804.1,0,0.29378363,1
XM_027388965.2,0,0.49902344,1
XM_027394816.2,1,0.5579034,1
XM_027391963.2,1,0.760861,1
XM_027387995.2,0,0.19201696,1
XM_027389855.2,1,0.62530994,1
XM_027392121.2,0,0.7432644,1
XM_027393687.2,1,0.44266155,1
XM_035452085.1,0,0.1802716,1
XM_027388723.2,1,0.5811654,1
XM_027392543.2,1,0.28872195,1
XM_027387484.2,1,0.7004787,1
XM_027388785.2,0,0.19570771,1
XM_027389330.2,0,0.19089562,1
XM_027395909.2,1,0.8162329,1
XM_035451714.1,0,0.735096,1
XM_027393589.2,1,0.4728067,1
XM_027394260.2,0,0.19739102,1
XM_027386740.2,0,0.8405623,1
XM_027388225.2,0,0.13848037,1
XM_035452475.1,0,0.17560035,1
XM_027389159.2,0,0.28068843,1
XM_027390231.2,0,0.49696264,1
XM_035451074.1,0,0.3491342,1
XM_035452903.1,0,0.48062226,1
XM_027389523.2,1,0.86805165,1
XM_027389857.2,1,0.87678754,1
XM_027395707.2,0,0.79416925,1
XM_035451157.1,1,0.47134712,1
XM_027394072.2,1,0.45645672,1
XM_027387010.2,1,0.54402137,1
XM_035453001.1,1,0.18015866,1
XM_035452834.1,1,0.49117196,1
XM_027394417.2,1,0.62922955,1
XM_035453384.1,0,0.15449412,1
XM_027386944.2,0,0.235508,1
XM_027395906.2,1,0.4722357,1
XM_027388442.2,1,0.87529296,1
XM_035450639.1,1,0.85541546,1
XM_027390423.2,0,0.8533064,1
XM_027395582.2,0,0.8562274,1
XM_027387792.2,1,0.80451137,1
XM_027390265.2,1,0.7722448,1
NM_001244027.1,1,0.19649798,1
XM_027394449.2,0,0.6696562,1
XM_027388525.2,1,0.85897356,1
XM_027390977.2,1,0.8165653,1
XM_035453289.1,0,0.16541398,1
XM_027391575.2,1,0.8765344,1
XM_035451679.1,0,0.72329676,1
XM_027387725.2,0,0.8491843,1
XM_027387544.2,1,0.6952526,1
XM_027390244.2,1,0.83629185,1
XM_027392566.2,0,0.8700268,1
XM_035452921.1,0,0.29091465,1
XM_027393353.2,1,0.8090111,1
XM_027395409.1,0,0.1620669,1
XM_027395258.2,0,0.78068566,1
XM_027386715.2,1,0.1693585,1
XM_035452628.1,0,0.16708644,1
XM_027395621.2,1,0.7992016,1
XM_027391215.2,1,0.8678602,1
XM_035453021.1,1,0.17696844,1
XM_035451016.1,0,0.22639807,1
XM_035451960.1,0,0.20034154,1
XM_027387877.1,0,0.5630862,1
XM_027391402.2,0,0.1894946,1
XM_027391401.2,0,0.19839203,1
XM_035450620.1,1,0.19203386,1
XM_027394445.2,0,0.18529764,1
XM_027391464.2,0,0.8320892,1
XM_035452015.1,0,0.6273574,1
XM_035450373.1,1,0.6226763,1
XM_027392492.2,1,0.8750897,1
XM_027394367.2,0,0.24684428,1
XM_027389182.2,1,0.8383891,1
XM_035453237.1,0,0.1730593,1
NM_001244044.1,0,0.20277102,1
XM_027388425.2,0,0.18302816,1
NM_001246771.1,1,0.85405254,1
XM_027390573.2,1,0.7107442,1
XM_027386694.2,0,0.13041288,1
XM_027393256.2,1,0.21565662,1
XM_027392233.2,1,0.81569916,1
XM_035451779.1,0,0.305625,1
XM_035452886.1,0,0.23952363,1
XM_027394674.2,1,0.52175045,1
XM_027388244.2,1,0.8483464,1
XM_035450488.1,1,0.6821475,1
XM_027390361.2,0,0.1447138,1
XM_027386966.2,1,0.8540219,1
XM_027386546.2,1,0.7069016,1
XM_035451614.1,0,0.15792629,1
XM_027393923.2,1,0.87608474,1
XM_035453019.1,0,0.16904065,1
XM_027390168.2,0,0.42698506,1
XM_027387492.2,0,0.18493274,1
XM_035451083.1,1,0.3009198,1
XM_027386724.2,0,0.7840313,1
XM_027392088.2,1,0.8598582,1
XM_027388340.2,0,0.17470066,1
XM_027390465.2,0,0.81343406,1
XM_027390595.2,1,0.7724931,1
XM_027391655.2,1,0.77228886,1
XM_027387255.2,1,0.8681884,1
XM_027390311.2,1,0.48314527,1
XM_035452089.1,1,0.30000687,1
XM_027395690.2,1,0.27515706,1
XM_027393638.2,1,0.394665,1
XM_027388387.2,0,0.32789877,1
XM_027389779.2,0,0.21552476,1
XM_027394890.2,1,0.83965576,1
XM_035451528.1,0,0.2642679,1
XM_027388392.2,0,0.5698545,1
XM_035451698.1,0,0.39310178,1
XM_027390139.2,0,0.7251644,1
XM_027392903.2,1,0.8282824,1
XM_027395711.2,0,0.21529825,1
XM_027387060.2,1,0.8650726,1
XM_027390927.2,1,0.83486795,1
XM_027386571.2,1,0.87737334,1
XM_035452880.1,0,0.25789386,1
XM_027386859.2,0,0.23631234,1
XM_027391458.2,0,0.19835895,1
XM_027394299.2,1,0.61196846,1
XM_027387013.2,1,0.8750528,1
XM_027388082.2,1,0.8230599,1
XM_027393689.2,0,0.16463877,1
XM_027390358.2,0,0.61738366,1
XM_027393199.2,0,0.61800086,1
XM_027392947.2,0,0.15415323,1
XM_027391961.2,0,0.584958,1
XM_035452136.1,0,0.14786634,1
XM_027393444.2,0,0.4606586,1
XM_027392964.2,0,0.5158628,1
XM_027390569.2,0,0.17857747,1
XM_027394711.2,1,0.80763537,1
XM_027393248.2,1,0.28809246,1
XM_027388612.2,1,0.5819283,1
XM_027391170.2,0,0.52218217,1
XM_035453317.1,0,0.30659395,1
XM_035453416.1,0,0.15890051,1
XM_027392916.2,1,0.42212397,1
XM_027394348.2,1,0.44119146,1
XM_027388354.2,1,0.8682369,1
XM_027386540.2,1,0.73813087,1
XM_027395641.2,0,0.8476847,1
XM_027389465.2,0,0.1838322,1
XM_027395140.2,0,0.2607325,1
XM_035450533.1,1,0.18254565,1
XM_035451362.1,1,0.14083622,1
XM_027394401.2,0,0.17703362,1
XM_027389457.2,1,0.8016015,1
XM_027387482.2,0,0.33034742,1
XM_027395479.2,0,0.22313738,1
XM_035451383.1,0,0.15056704,1
XM_027389555.2,1,0.81352216,1
XM_027395303.2,1,0.84450793,1
XM_027388822.2,1,0.67807806,1
NM_001246813.1,1,0.23044796,1
XM_027389296.2,0,0.3514579,1
XM_027393944.2,1,0.17344277,1
XM_035452861.1,1,0.1744226,1
XM_027390829.2,1,0.86927277,1
XM_027387185.2,1,0.69732964,1
XM_027390642.2,1,0.8409121,1
XM_027393306.2,1,0.40766022,1
XM_027387132.2,0,0.17947304,1
XM_027395367.2,1,0.804499,1
XM_027388256.2,1,0.17369178,1
XM_027388255.2,0,0.3224092,1
XM_027393766.2,0,0.26959246,1
XM_027387648.2,0,0.77799064,1
XM_027395373.2,1,0.8381619,1
XM_035453309.1,0,0.2971893,1
XM_035452874.1,0,0.6154599,1
XM_027386886.2,1,0.82395464,1
XM_027395318.2,1,0.32785556,1
XM_027388648.1,0,0.30834576,1
XM_035451195.1,0,0.19256736,1
XM_027390963.2,0,0.33633977,1
XM_027392616.2,1,0.85440844,1
XM_027395277.2,1,0.8004837,1
XM_035453344.1,0,0.17725353,1
XM_027391638.2,0,0.19591892,1
XM_027389597.2,0,0.17892687,1
XM_035452816.1,0,0.20772006,1
XM_027386752.2,0,0.2683733,1
XM_027391966.2,0,0.14797074,1
XM_027391333.2,1,0.82293415,1
XM_027392210.2,0,0.26579684,1
XM_035451006.1,1,0.86591244,1
XM_035451391.1,1,0.17476214,1
XM_027394724.2,1,0.7653751,1
XM_035450394.1,1,0.394588,1
XM_035452445.1,0,0.750762,1
XM_027393327.1,1,0.73184687,1
XM_027389958.2,0,0.18571778,1
XM_035450794.1,0,0.17442305,1
XM_027390684.2,1,0.13634811,1
XM_035453194.1,0,0.14544347,1
XM_027390266.2,0,0.8796918,1
XM_027388248.2,1,0.83557904,1
XM_027390748.2,1,0.22498263,1
XM_035453119.1,0,0.18201648,1
XM_027391608.2,0,0.23565666,1
XM_035452730.1,1,0.8427621,1
XM_027394015.2,0,0.35045964,1
XM_027389818.2,1,0.86654574,1
NM_001246770.1,0,0.17172684,1
XM_027395466.2,0,0.33947235,1
XM_027395467.2,0,0.16507189,1
XM_035451472.1,0,0.17431039,1
XM_027393819.2,0,0.14133713,1
XM_027392176.2,0,0.24362475,1
XM_035453039.1,0,0.20203026,1
XM_027395535.2,0,0.37742126,1
XM_027393900.2,0,0.7624813,1
XM_035453103.1,0,0.15248641,1
XM_035450640.1,0,0.8179335,1
XM_027392905.1,0,0.59924597,1
XM_027395392.2,0,0.22866274,1
XM_035453229.1,1,0.40944293,1
XM_035450944.1,0,0.26326403,1
XM_027392796.2,0,0.44346252,1
XM_035452695.1,0,0.20209992,1
XM_035452517.1,0,0.19694349,1
XM_035451410.1,0,0.15498123,1
XM_027393387.2,0,0.23067361,1
XM_035451875.1,0,0.50301635,1
XM_035452043.1,1,0.85780585,1
XM_027391015.1,1,0.22399378,1
XM_035452917.1,0,0.22776152,1
XM_027390294.2,1,0.76311165,1
XM_027391421.2,0,0.32932156,1
XM_027394600.2,1,0.8609144,1
XM_035453211.1,0,0.19233,1
XM_027395470.2,1,0.46278897,1
XM_027388378.2,0,0.18135798,1
XM_027393399.2,0,0.44730806,1
XM_027390034.2,0,0.20147271,1
XM_027394125.2,1,0.87702656,1
XM_027389260.2,0,0.18017599,1
XM_027393696.2,0,0.23657629,1
XM_027388375.2,0,0.13061854,1
XM_035452889.1,0,0.4115296,1
XM_027388808.2,0,0.5163062,1
XM_027389781.2,0,0.53755766,1
XM_027387508.2,0,0.37557358,1
XM_027393388.2,0,0.34491172,1
XM_027394083.2,1,0.29505545,1
XM_027393899.2,0,0.15307026,1
XM_035451573.1,0,0.7824473,1
XM_035450773.1,0,0.22109197,1
XM_035451693.1,1,0.18376642,1
XM_035453126.1,0,0.15032676,1
XM_027395720.2,1,0.7998979,1
XM_035453120.1,0,0.16565378,1
XM_035451932.1,1,0.16297106,1
XM_027389813.2,0,0.8588346,1
XM_035451236.1,0,0.2785047,1
XM_027388608.2,0,0.25990003,1
XM_027395874.2,0,0.30016008,1
XM_035450935.1,0,0.45805317,1
XM_027395875.2,1,0.44723368,1
XM_027389252.2,0,0.18521464,1
XM_027389268.2,0,0.7179482,1
XM_035452946.1,0,0.7545533,1
XM_027393514.2,1,0.2571653,1
XM_035453296.1,0,0.30586964,1
XM_035453061.1,0,0.16512331,1
XM_027393400.2,1,0.35913086,1
XM_027394222.2,0,0.30359152,1
XM_027390889.2,0,0.39133716,1
XM_035452150.1,1,0.8646461,1
XM_027391872.2,0,0.599307,1
XM_027390819.2,1,0.82955724,1
XM_035452995.1,0,0.18041028,1
XM_035451790.1,0,0.584835,1
XM_027395475.2,0,0.25057733,1
XM_035451427.1,0,0.19075757,1
XM_027391823.2,0,0.1571692,1
XM_035450729.1,0,0.16264325,1
XM_035451099.1,0,0.2832126,1
XM_035453014.1,0,0.18799894,1
XM_027395134.2,0,0.6379218,1
XM_027389162.2,1,0.3529528,1
XM_027388410.2,0,0.36813143,1
XM_027393747.2,0,0.50866705,1
XM_027395413.2,0,0.18777512,1
XM_035451687.1,0,0.42665023,1
XM_035450470.1,0,0.18252137,1
XM_027395808.2,0,0.29925397,1
XM_027389461.2,0,0.3772621,1
XM_027395488.2,1,0.54146993,1
XM_027386986.2,0,0.15452959,1
XM_035451340.1,0,0.1864422,1
XM_035451470.1,0,0.21363874,1
XM_027392866.2,0,0.6181394,1
XM_035451371.1,0,0.1497466,1
XM_035452244.1,1,0.21788532,1
XM_027392593.2,1,0.86290264,1
XM_027395716.2,0,0.16984273,1
XM_035450617.1,0,0.14797643,1
XM_027392836.2,1,0.86726326,1
XM_035453023.1,0,0.16273375,1
XM_035452416.1,0,0.629378,1
XM_027388430.2,1,0.86339706,1
XM_035451420.1,1,0.28868067,1
XM_027388882.2,0,0.14250594,1
XM_027389232.2,0,0.60230845,1
XM_027391299.1,0,0.16564354,1
XM_027391871.2,0,0.19752623,1
XM_035450485.1,0,0.32109955,1
XM_027392885.2,0,0.19731057,1
XM_035451842.1,0,0.24580789,1
XM_035451380.1,1,0.4996956,1
XM_035450382.1,0,0.2735317,1
XM_035451659.1,0,0.21948664,1
XM_027393773.2,0,0.21445411,1
XM_035451660.1,0,0.32624933,1
XM_027394617.2,0,0.7146329,1
XM_027394733.2,0,0.5531514,1
XM_027394793.2,0,0.19095439,1
XM_035450697.1,0,0.1985628,1
XM_035452415.1,0,0.1623832,1
XM_027393376.2,0,0.19921844,1
XM_035451867.1,1,0.53413177,1
XM_035451306.1,0,0.21484388,1
XM_035451646.1,0,0.24407472,1
XM_035451815.1,0,0.15634856,1
XM_035452060.1,1,0.2126364,1
XM_035452775.1,0,0.7621677,1
XM_035453009.1,0,0.14228842,1
XM_035453125.1,0,0.22433075,1
XM_035453127.1,0,0.1336035,1
XM_035453193.1,0,0.2608072,1
XM_027395796.2,1,0.8510056,1
XM_027386984.2,1,0.7624637,1
XM_035453067.1,0,0.23245367,1
XM_027392308.2,1,0.72124004,1
XM_035451440.1,0,0.17649862,1
XM_027387885.2,1,0.8166103,1
XM_027393708.2,1,0.8189283,1
XM_035451394.1,0,0.16549295,1
XM_027394607.2,0,0.764869,1
XM_027390647.2,1,0.7813658,1
XM_035451616.1,0,0.16424851,1
XM_027394725.2,0,0.2056214,1
XM_035450737.1,0,0.1450651,1
XM_035451112.1,0,0.15914719,1
XM_027389814.2,0,0.26195753,1
XM_027395194.2,1,0.7942652,1
XM_027395366.2,1,0.8279423,1
XM_027394268.2,0,0.7467922,1
XM_027391757.2,0,0.15906323,1
XM_035452694.1,0,0.16767332,1
XM_035451103.1,1,0.37166584,1
XM_035451909.1,1,0.17839852,1
XM_035450396.1,1,0.63415,1
XM_027392262.2,1,0.7470061,1
XM_027393639.2,1,0.7312948,1
XM_027392781.2,1,0.7646603,1
XM_027392265.2,1,0.5870114,1
XM_027395965.2,1,0.82835037,1
XM_027392478.2,0,0.82949454,1
XM_035450805.1,1,0.86253875,1
XM_027395591.2,1,0.871994,1
XM_035452764.1,1,0.5583676,1
XM_027394945.2,0,0.20598246,1
XM_027392749.2,0,0.17769374,1
XM_027386817.2,1,0.78770006,1
XM_027393586.2,0,0.2748667,1
XM_027389445.2,0,0.3188433,1
XM_027389240.2,1,0.8752075,1
XM_035451412.1,0,0.1714573,1
XM_027390504.2,1,0.7740125,1
XM_035451780.1,0,0.28853723,1
XM_027389180.2,1,0.3883988,1
XM_027393073.2,1,0.6666603,1
XM_027394120.2,0,0.252526,1
XM_027389123.2,1,0.8170035,1
XM_035453071.1,0,0.14305072,1
XM_027394062.2,0,0.73267305,1
XM_027390343.2,0,0.42125294,1
XM_035453004.1,0,0.16537395,1
XM_027390067.2,1,0.7231429,1
XM_027388657.2,0,0.19535397,1
XM_027387181.2,0,0.85541236,1
XM_035451369.1,0,0.17048135,1
XM_027395496.2,0,0.16726021,1
XM_027392467.2,0,0.17001636,1
XM_027392740.2,1,0.5008746,1
XM_035450902.1,0,0.38774332,1
XM_035453474.1,0,0.17151564,1
XM_035451068.1,0,0.16351312,1
XM_027392668.2,0,0.15535675,1
XM_027386575.2,1,0.85374266,1
XM_027388411.2,1,0.47235152,1
XM_027392746.2,1,0.3743318,1
XM_027393085.2,1,0.80334663,1
XM_035451980.1,0,0.22185048,1
XM_027387926.2,1,0.83229953,1
XM_027393960.1,1,0.8457722,1
XM_027386619.2,0,0.7592292,1
XM_027387542.2,1,0.7986852,1
XM_027392207.2,1,0.5816332,1
XM_035452585.1,1,0.8492355,1
XM_027387194.2,1,0.7383116,1
XM_027390592.2,1,0.7502571,1
XM_027389380.2,1,0.8437608,1
XM_035453079.1,0,0.39875776,1
XM_027389394.2,1,0.8450314,1
XM_027386707.2,0,0.1524272,1
XM_027388176.2,0,0.1746899,1
XM_027388640.2,1,0.76235914,1
XM_035451719.1,0,0.25201905,1
XM_027390145.2,0,0.31510276,1
XM_035450417.1,1,0.20011084,1
XM_027388490.2,1,0.818556,1
XM_027390119.2,1,0.7388957,1
XM_027392559.2,1,0.8092539,1
XM_027388170.2,1,0.84559894,1
XM_027388328.2,0,0.22357579,1
XM_035450890.1,1,0.46590865,1
XM_027393117.2,0,0.19680816,1
XM_027391511.2,1,0.824567,1
XM_035451392.1,0,0.18890432,1
XM_027387723.2,0,0.80846244,1
XM_035452814.1,0,0.30610642,1
XM_035453111.1,0,0.15405406,1
XM_035451931.1,0,0.28246862,1
XM_027394336.2,1,0.7763037,1
XM_027394730.2,1,0.7068932,1
XM_027393852.2,1,0.86639297,1
XM_027386960.2,0,0.70256984,1
XM_027395177.2,1,0.8141823,1
XM_027394741.2,1,0.5228465,1
XM_035453022.1,0,0.18870895,1
XM_027395881.2,1,0.8797947,1
XM_035453074.1,0,0.18539347,1
XM_027387520.2,0,0.22917795,1
XM_035451758.1,1,0.86651725,1
XM_027395383.2,1,0.8053942,1
XM_027393427.2,1,0.44044232,1
XM_027393264.2,0,0.76716805,1
XM_027391298.2,0,0.18015765,1
XM_027388194.2,1,0.7556265,1
XM_035452435.1,1,0.453507,1
XM_027390960.2,1,0.7569088,1
XM_027393723.2,1,0.5235811,1
XM_027388284.2,0,0.7281373,1
XM_027390943.2,1,0.82713217,1
XM_027388157.2,0,0.27407113,1
XM_027388653.2,1,0.44902188,1
XM_027392458.2,1,0.872367,1
XM_027388577.2,1,0.79618835,1
XM_027387971.2,1,0.8725076,1
XM_027388762.2,1,0.6872604,1
XM_027390643.2,1,0.6171166,1
XM_035452749.1,0,0.18062256,1
XM_027395658.2,1,0.1822249,1
XM_027388303.2,1,0.7499717,1
XM_027395490.2,0,0.6062057,1
XM_027393428.1,0,0.69413793,1
XM_027389293.2,0,0.87347084,1
XM_027392375.2,0,0.3988364,1
XM_027391745.2,0,0.49577054,1
XM_027393406.2,1,0.8311345,1
XM_027391311.2,0,0.16286281,1
XM_027388067.1,1,0.78780746,1
XM_027392392.2,1,0.8635934,1
XM_027387022.2,1,0.8606937,1
XM_027386670.2,1,0.53034943,1
XM_035453133.1,1,0.45124066,1
XM_027395183.2,1,0.8551699,1
XM_027390891.2,0,0.16655129,1
XM_035453051.1,0,0.15634409,1
XM_027387447.2,0,0.30671075,1
XM_027388395.2,0,0.84442997,1
XM_027392120.2,0,0.30822885,1
XM_027393516.2,0,0.25949845,1
XM_027388002.2,1,0.8694243,1
XM_027390645.2,0,0.50290215,1
XM_027394704.2,0,0.6666806,1
XM_035451063.1,0,0.17245184,1
XM_035453415.1,0,0.15872943,1
XM_035453142.1,0,0.34269595,1
XM_027390516.2,1,0.581527,1
XM_035453464.1,1,0.62979656,1
XM_027388647.2,0,0.30193502,1
XM_027388774.2,1,0.46924376,1
XM_027395546.2,1,0.87248886,1
XM_027395924.2,0,0.8282126,1
XM_035453089.1,1,0.16524713,1
XM_027394765.2,1,0.5305851,1
XM_027392066.2,0,0.80963886,1
XM_027390753.1,0,0.44745982,1
XM_027388967.2,1,0.49288684,1
XM_027392160.2,0,0.3867471,1
XM_027393321.2,0,0.17421074,1
XM_027393064.2,1,0.59500235,1
XM_035451809.1,1,0.27436185,1
XM_035453337.1,0,0.26193008,1
XM_035450502.1,1,0.31887662,1
XM_027391073.1,1,0.8614943,1
XM_035451207.1,0,0.44016555,1
XM_027394091.2,0,0.7914253,1
XM_027388283.2,1,0.8640869,1
XM_035452612.1,1,0.75237167,1
XM_027393214.2,1,0.71477574,1
XM_027390303.2,1,0.71620166,1
XM_027390894.2,1,0.21746838,1
XM_035450486.1,1,0.17442247,1
XM_027389893.2,1,0.8087391,1
XM_027392810.2,1,0.7256805,1
XM_027395657.2,1,0.77058256,1
XM_027393553.1,0,0.32581514,1
NM_001256866.1,1,0.49655816,1
NM_001256844.1,0,0.43378824,1
XM_035451200.1,0,0.26434115,1
XM_027391657.2,1,0.7401513,1
XM_027392948.2,1,0.17305164,1
XM_035451911.1,0,0.15793318,1
XM_027395890.2,1,0.8839913,1
XM_027390420.2,0,0.5013047,1
XM_027391630.2,0,0.1558675,1
XM_027395038.2,1,0.859757,1
XM_027390858.2,1,0.8652404,1
XM_027388499.2,0,0.19454837,1
XM_027395446.2,1,0.2451663,1
XM_027389891.2,1,0.86081016,1
XM_027393121.2,1,0.29978868,1
XM_035451799.1,0,0.20726082,1
XM_027393350.2,0,0.32035676,1
XM_027387033.2,0,0.24346974,1
NM_001246818.2,1,0.46780258,1
XM_027387411.2,1,0.82414,1
XM_035450700.1,1,0.40119764,1
XM_027388714.2,1,0.7568356,1
XM_027393227.2,1,0.35256916,1
XM_027392580.2,0,0.20914048,1
XM_035451879.1,0,0.17216346,1
XM_027386747.2,0,0.19155656,1
XM_027386748.2,0,0.17287359,1
XM_027389634.2,1,0.86259776,1
XM_027389002.2,1,0.8026608,1
XM_035451850.1,1,0.2339811,1
XM_027393352.2,1,0.83418965,1
XM_027389448.2,0,0.4101745,1
XM_027394920.2,0,0.17914203,1
XM_035452741.1,0,0.3373283,1
XM_027394271.2,0,0.29620123,1
XM_035452858.1,1,0.261442,1
XM_035452830.1,0,0.17412871,1
XM_027388071.2,1,0.42479482,1
XM_027389184.2,1,0.8055704,1
XM_035452038.1,1,0.51161885,1
XM_027392551.2,0,0.15172423,1
XM_027395365.2,0,0.40596431,1
XM_027391386.2,1,0.32626674,1
XM_027388253.2,1,0.8434719,1
XM_027395489.2,0,0.1837273,1
XM_027386791.2,1,0.83620626,1
XM_027389156.2,0,0.67787117,1
XM_027387299.2,1,0.4989248,1
XM_027389036.2,1,0.3444929,1
XM_035451950.1,0,0.1778532,1
XM_027394182.2,0,0.16049646,1
XM_027388397.2,0,0.4721058,1
XM_027390590.2,1,0.77396834,1
XM_027392949.2,0,0.2817914,1
XM_027391156.2,0,0.3130211,1
XM_027388949.2,1,0.8535688,1
XM_035451574.1,0,0.5121388,1
XM_027389925.2,1,0.868022,1
XM_027389927.2,1,0.87759644,1
XM_027394056.2,1,0.8452839,1
XM_027391399.1,1,0.82727593,1
XM_027393507.2,1,0.85221577,1
XM_027389090.2,0,0.21853,1
XM_027387391.2,1,0.6912446,1
XM_035450336.1,0,0.18876325,1
XM_027390989.2,0,0.33589596,1
XM_035451286.1,1,0.2945173,1
XM_035451105.1,0,0.35381368,1
XM_027387884.2,1,0.3163668,1
XM_035453276.1,1,0.8102747,1
XM_035452570.1,0,0.85162824,1
XM_027393832.2,1,0.87019694,1
XM_027393793.2,1,0.78259736,1
XM_027395803.2,1,0.8679065,1
XM_027393104.2,0,0.22902226,1
XM_027392264.2,1,0.7257268,1
XM_027391369.2,0,0.8379952,1
XM_027395824.2,1,0.7377987,1
NM_001244101.2,1,0.23675211,1
XM_027393544.2,1,0.8088455,1
XM_027391106.2,0,0.48489842,1
XM_035451641.1,0,0.31025633,1
XM_027392641.2,0,0.311468,1
XM_027390887.2,1,0.83294314,1
XM_035451854.1,0,0.58223957,1
XM_035451715.1,1,0.1512067,1
XM_027395259.2,1,0.8759655,1
XM_035451940.1,0,0.7657787,1
XM_027393570.2,1,0.69054115,1
XM_027389437.2,1,0.8713321,1
XM_027393780.2,0,0.69138664,1
XM_027392518.2,1,0.744469,1
XM_027394045.2,1,0.8767135,1
XM_027388963.2,1,0.62629753,1
XM_027388076.2,1,0.47563604,1
XM_027388022.2,1,0.8546818,1
XM_027394265.2,1,0.29327407,1
XM_027392441.1,1,0.3431159,1
XM_035453461.1,0,0.22904314,1
XM_027392026.2,1,0.8521568,1
XM_027395200.2,1,0.87351286,1
XM_027398983.2,0,0.19872287,2
XM_027396330.2,1,0.6664193,2
XM_027397909.2,0,0.71516424,2
XM_035440491.1,0,0.13883315,2
XM_027403061.2,0,0.1465869,2
XM_027396620.2,0,0.6947706,2
XM_035440022.1,1,0.23509702,2
NM_001244045.1,1,0.589925,2
XM_035438722.1,0,0.18273322,2
XM_027402702.2,1,0.86928415,2
XM_027398194.2,1,0.4875974,2
XM_027401286.2,0,0.21284236,2
XM_027402570.2,1,0.7638202,2
XM_027403126.2,1,0.6697233,2
XM_035440118.1,0,0.13882113,2
XM_035440217.1,1,0.49790952,2
XM_027398208.2,0,0.14302193,2
XM_027401685.2,0,0.31761685,2
XM_035439139.1,0,0.17761908,2
XM_027403422.2,0,0.31475672,2
XM_027397275.1,1,0.8301742,2
XM_027397670.2,0,0.32957956,2
XM_027403146.2,1,0.8834822,2
XM_027402768.2,0,0.81771374,2
XM_027404028.2,1,0.228098,2
XM_027403367.2,1,0.82066035,2
XM_027396548.2,1,0.2692211,2
XM_027403361.2,0,0.19115865,2
XM_027402909.2,0,0.27306214,2
XM_027403316.2,0,0.24139328,2
XM_027402228.2,1,0.803855,2
XM_027401718.2,0,0.69566345,2
XM_027399035.2,1,0.47799873,2
XM_027402094.2,0,0.82198447,2
XM_027397681.2,1,0.8432807,2
XM_027397155.2,1,0.8338039,2
XM_027401765.2,0,0.11515317,2
XM_027403577.2,0,0.2253411,2
XM_035438985.1,0,0.24465856,2
XM_027403996.2,0,0.2936452,2
XM_035440879.1,0,0.17498548,2
XM_027400716.2,1,0.8577617,2
XM_035438960.1,0,0.13493176,2
XM_035438965.1,0,0.21363458,2
XM_027396940.2,1,0.9032602,2
XM_027396514.2,0,0.17670494,2
XM_027401269.2,0,0.13468215,2
XM_027401176.2,1,0.6797861,2
XM_027403493.2,1,0.88461655,2
XM_027401376.2,0,0.1620779,2
XM_035440833.1,1,0.5240884,2
XM_027398148.2,0,0.12955576,2
XM_035439791.1,0,0.11708712,2
XM_035439235.1,0,0.12734652,2
XM_035440443.1,0,0.34449452,2
XM_035439971.1,0,0.20853686,2
XM_027403040.2,0,0.13016331,2
XM_027398736.2,0,0.20261076,2
XM_027400689.2,0,0.8883961,2
XM_027397637.2,1,0.77555835,2
NM_001246797.1,1,0.7709773,2
XM_027396869.2,1,0.38114762,2
XM_027404017.2,1,0.8515557,2
XM_035440584.1,0,0.20046651,2
XM_035440365.1,1,0.1606769,2
XM_027398473.2,0,0.18912476,2
XM_027403302.2,1,0.20107743,2
XM_027401869.2,0,0.11850191,2
XM_027402916.2,0,0.47102305,2
XM_027402151.2,0,0.11604817,2
XM_027403503.2,0,0.90580416,2
XM_027400076.2,1,0.16664992,2
XM_035438738.1,0,0.19805393,2
XM_027402212.2,1,0.45730957,2
XM_035439910.1,1,0.21393509,2
XM_027400725.2,1,0.8118711,2
XM_027403960.2,0,0.8196183,2
XM_027399231.2,1,0.653113,2
XM_027403525.2,0,0.32250422,2
XM_027404378.2,0,0.8379017,2
XM_027402459.2,0,0.33350918,2
XM_027400864.2,0,0.16652507,2
XM_035440881.1,0,0.14719406,2
XM_027398995.2,0,0.13210694,2
XM_027401545.2,0,0.83587515,2
XM_027401137.2,0,0.8913622,2
XM_035438865.1,1,0.16579682,2
XM_035440028.1,0,0.56103915,2
XM_027398755.2,0,0.20809877,2
XM_027403363.2,1,0.7629133,2
XM_027403777.2,0,0.7308827,2
XM_027396082.2,0,0.13613132,2
XM_035439967.1,1,0.7873101,2
XM_035439118.1,0,0.15371358,2
XM_027399290.2,1,0.90123546,2
XM_027399624.2,0,0.7496278,2
XM_027397220.2,1,0.87283486,2
XM_027396431.2,0,0.16328193,2
XM_027404286.2,0,0.7661635,2
XM_027397526.2,1,0.6598622,2
XM_027396900.2,1,0.87429225,2
XM_027399908.2,1,0.5175958,2
NM_001244136.1,1,0.7743935,2
XM_027401704.2,0,0.15690513,2
XM_027397655.2,0,0.34879062,2
XM_035440370.1,1,0.87233245,2
XM_035438881.1,0,0.11967786,2
XM_035441055.1,1,0.9098692,2
XM_027403607.2,0,0.4082448,2
XM_027402404.2,0,0.66683125,2
XM_027396603.2,1,0.60222375,2
XM_027403351.2,1,0.8370858,2
XM_027399393.2,1,0.1831692,2
XM_027396463.2,1,0.8313246,2
XM_035440561.1,1,0.86465454,2
XM_027404105.1,1,0.77924967,2
XM_035438808.1,0,0.16374663,2
XM_027402311.2,1,0.7738113,2
XM_027397496.2,0,0.59365016,2
XM_027403289.2,1,0.77845865,2
XM_027396515.2,0,0.51264906,2
XM_027403012.2,0,0.81544286,2
XM_027400820.2,1,0.5369847,2
XM_035441073.1,0,0.13152744,2
XM_027400834.2,0,0.16277659,2
XM_027402414.2,0,0.2412329,2
XM_035439054.1,0,0.1484678,2
XM_027403853.2,1,0.43876842,2
XM_027399721.2,1,0.8471206,2
XM_027399050.2,0,0.2817068,2
XM_035440846.1,0,0.18831025,2
XM_027403322.2,1,0.71254116,2
XM_027398956.2,0,0.14251834,2
XM_027400694.2,0,0.85513246,2
NM_001246794.1,1,0.1688342,2
XM_035439666.1,0,0.24172796,2
XM_027396684.2,1,0.8593488,2
XM_027400740.2,1,0.8975392,2
XM_035439627.1,0,0.6075859,2
XM_027399151.2,1,0.81125385,2
XM_027400168.2,1,0.82015914,2
XM_027398210.2,1,0.5023926,2
XM_027401700.2,0,0.41861895,2
XM_027401698.2,0,0.118421905,2
XM_027398764.2,0,0.20340773,2
XM_027396999.2,1,0.46933928,2
XM_027402355.2,0,0.16042113,2
XM_027404188.2,0,0.75409025,2
XM_027402769.2,1,0.8606383,2
XM_027401382.2,0,0.8795285,2
XM_027401650.2,1,0.9146097,2
XM_035440170.1,1,0.832309,2
XM_027396477.2,1,0.4599569,2
XM_035440966.1,0,0.15061675,2
XM_035439108.1,0,0.18186614,2
XM_027399130.2,0,0.3169518,2
XM_027403523.2,1,0.8095555,2
XM_027399707.1,1,0.17326598,2
XM_035439937.1,0,0.14505948,2
XM_027400549.2,1,0.74344,2
XM_027403977.2,0,0.6147701,2
XM_027403472.2,1,0.8772067,2
XM_027399332.2,0,0.3133423,2
XM_027403013.2,1,0.88633084,2
XM_027397204.2,0,0.2548174,2
XM_027397628.2,1,0.8228401,2
XM_027396558.2,0,0.39640665,2
XM_027399586.2,1,0.3889491,2
XM_027404299.2,0,0.1313921,2
XM_027399555.2,1,0.6374657,2
XM_035440775.1,0,0.21047217,2
XM_035440293.1,0,0.13570786,2
XM_035438895.1,0,0.22696249,2
XM_027401071.2,1,0.8115886,2
XM_027404025.2,1,0.544659,2
XM_035438814.1,0,0.6936321,2
XM_027398976.2,1,0.21873637,2
XM_027400816.2,1,0.8348162,2
XM_027399386.2,0,0.8569128,2
XM_035440816.1,0,0.67926145,2
XM_027402138.2,1,0.8851243,2
XM_027398434.2,1,0.8099054,2
XM_027401944.2,1,0.13737231,2
XM_027402586.2,1,0.80351484,2
XM_027397583.2,0,0.71121925,2
XM_027404275.2,1,0.72203535,2
XM_027403229.2,1,0.69723547,2
XM_027403616.2,0,0.4726284,2
XM_027402081.2,0,0.1561234,2
XM_027403000.2,1,0.73433036,2
XM_027404239.2,1,0.69903064,2
XM_027399920.2,0,0.26796308,2
XM_027398992.2,0,0.12963353,2
XM_027397444.2,0,0.14777575,2
XM_027399052.2,1,0.6045941,2
XM_027399727.2,0,0.5165043,2
XM_027397107.2,0,0.6271729,2
XM_035438700.1,1,0.12758327,2
XM_035439802.1,0,0.65998304,2
XM_027396665.2,0,0.3052587,2
XM_035439515.1,1,0.22934213,2
XM_027397320.2,1,0.42463806,2
XM_027397475.2,0,0.14196396,2
XM_035440416.1,0,0.14600593,2
XM_027402551.2,1,0.84430146,2
XM_027396372.2,1,0.8520128,2
XM_027400941.2,1,0.70195216,2
XM_027397439.2,1,0.18057764,2
XM_027400992.2,0,0.31456536,2
XM_027402056.2,1,0.8738548,2
XM_027399013.2,0,0.22662927,2
XM_035439542.1,0,0.15930413,2
XM_027399742.2,1,0.4852,2
XM_027396167.2,1,0.85539824,2
XM_035440968.1,0,0.20899908,2
XM_035440555.1,1,0.88413393,2
NM_001246742.1,1,0.38493842,2
XM_035439221.1,0,0.2938194,2
XM_035440896.1,0,0.57585055,2
XM_027397425.2,0,0.3417613,2
XM_035439457.1,0,0.22950327,2
XM_027397247.2,0,0.18165074,2
XM_027400089.2,1,0.2486595,2
XM_027402919.2,0,0.1112738,2
XM_027400966.2,0,0.15644683,2
XM_035440174.1,1,0.40991193,2
XM_035438884.1,0,0.22741906,2
XM_027396310.2,1,0.8829096,2
XM_027396641.2,0,0.18401684,2
XM_027396642.2,0,0.20717888,2
XM_035439507.1,1,0.14595254,2
XM_027402964.2,0,0.13050596,2
XM_035439516.1,1,0.18561366,2
XM_027398071.2,1,0.15151323,2
XM_027398072.2,1,0.1712005,2
XM_035439552.1,1,0.13860537,2
XM_027402418.2,1,0.623823,2
XM_027401632.2,0,0.50652057,2
XM_027398069.2,1,0.15669252,2
XM_035438664.1,0,0.12762032,2
XM_027398070.2,1,0.14179787,2
XM_027399153.2,1,0.7522415,2
XM_027400764.2,1,0.22631289,2
XM_027397339.2,0,0.5415661,2
NM_001292060.1,0,0.14343385,2
XM_027400859.2,0,0.4959091,2
XM_035438971.1,1,0.11909773,2
XM_027401090.2,0,0.6436452,2
XM_027396344.2,1,0.8756078,2
XM_027398986.2,0,0.23435831,2
XM_027403086.2,0,0.6128132,2
XM_035439991.1,0,0.123341076,2
XM_035439726.1,0,0.13522762,2
XM_027398439.2,0,0.1564633,2
XM_027400955.2,0,0.7565784,2
XM_035440315.1,1,0.88229835,2
XM_027399661.2,1,0.12143903,2
XM_027398143.2,0,0.13970697,2
XM_035438748.1,1,0.16351995,2
XM_027400403.2,0,0.17838104,2
XM_027400442.2,1,0.2695251,2
XM_027399538.2,1,0.9021117,2
XM_035438806.1,0,0.13579635,2
XM_027400448.2,0,0.120262206,2
XM_027399759.2,0,0.1321515,2
XM_035440332.1,1,0.28915137,2
XM_027397311.2,1,0.6659756,2
XM_027398195.2,0,0.15539962,2
XM_035438836.1,0,0.115402125,2
XM_035440743.1,0,0.36421952,2
XM_027403821.2,0,0.12278416,2
XM_027396749.2,1,0.75318575,2
XM_027397014.2,1,0.8772254,2
XM_027402248.2,1,0.25091654,2
XM_027400985.2,0,0.13996755,2
XM_027404370.2,0,0.16891564,2
XM_027404045.1,0,0.37760016,2
XM_035439704.1,0,0.19412111,2
XM_027396023.2,1,0.27665472,2
XM_027402175.2,1,0.19585675,2
XM_027403641.2,1,0.8513104,2
XM_035440785.1,0,0.21543549,2
XM_035439155.1,0,0.1565979,2
XM_027404098.2,1,0.3705374,2
XM_035438967.1,0,0.7634533,2
XM_035439295.1,1,0.21298736,2
XM_027401622.2,1,0.8831483,2
XM_027402121.2,0,0.14698799,2
XM_027403484.2,1,0.90409446,2
XM_027400989.2,0,0.1438839,2
XM_027402988.2,0,0.45066315,2
XM_035440506.1,0,0.14080709,2
XM_035439076.1,0,0.16421102,2
XM_027398085.2,0,0.18712282,2
XM_027402874.2,1,0.6838412,2
XM_027400286.2,0,0.13326482,2
XM_027397845.1,0,0.11926255,2
XM_035441175.1,0,0.20612569,2
XM_027400979.2,0,0.13734059,2
XM_027401091.2,0,0.5835969,2
XM_027401328.2,1,0.2599225,2
XM_035440631.1,1,0.8316419,2
XM_035439476.1,1,0.16814955,2
XM_027404302.1,0,0.19882183,2
XM_027398078.2,0,0.1945601,2
XM_035439946.1,1,0.20760246,2
XM_035438667.1,1,0.28885457,2
XM_027400984.2,0,0.58245665,2
XM_027395979.2,0,0.15784678,2
XM_027396050.2,0,0.12425347,2
XM_027396792.2,1,0.3595547,2
XM_027398020.2,0,0.45427078,2
XM_027398144.1,0,0.31699088,2
XM_027398338.2,1,0.8771563,2
XM_035440024.1,0,0.12264899,2
XM_035438896.1,0,0.20186262,2
XM_027400413.2,0,0.64352745,2
XM_027400431.2,0,0.4545116,2
XM_035438674.1,0,0.13497955,2
XM_027400529.1,0,0.13552226,2
XM_027400589.2,0,0.7039917,2
XM_027401694.2,0,0.14209205,2
XM_035438766.1,0,0.11863503,2
XM_035440320.1,0,0.5836999,2
XM_027402937.2,1,0.20533463,2
XM_027403384.2,1,0.1391392,2
XM_027403440.1,0,0.5946935,2
XM_027403470.2,1,0.13092618,2
XM_027403543.2,0,0.5874165,2
XM_035438807.1,0,0.12585054,2
XM_035440275.1,0,0.22147752,2
XM_035439679.1,0,0.1332756,2
XM_027399082.2,0,0.83578247,2
XM_035438789.1,0,0.5249986,2
XM_035438833.1,0,0.27179423,2
XM_035439454.1,1,0.37822586,2
XM_035439502.1,1,0.16276218,2
XM_035440097.1,0,0.1596174,2
XM_035440178.1,1,0.3830632,2
XM_035440503.1,0,0.30647445,2
XM_035440931.1,1,0.13089556,2
XM_027399463.2,0,0.116760984,2
XM_035439600.1,1,0.2523504,2
XM_027399761.2,0,0.13357936,2
XM_027400507.2,1,0.21572906,2
XM_027403971.2,0,0.2685337,2
XM_027403961.2,0,0.1517963,2
XM_035439061.1,0,0.216487,2
XM_027401212.2,0,0.48282343,2
XM_027402068.2,0,0.31556213,2
XM_027399251.2,1,0.6303021,2
XM_027403812.2,0,0.13340324,2
XM_027401795.2,1,0.8770351,2
XM_027399659.2,1,0.65048677,2
XM_027398202.2,1,0.8286442,2
XM_027404282.2,1,0.4888105,2
XM_027403433.2,1,0.9025216,2
XM_035438762.1,0,0.20750746,2
XM_027396242.2,0,0.1921023,2
XM_027403886.2,0,0.24927081,2
XM_027402636.2,0,0.8338525,2
XM_027404110.2,0,0.15644047,2
XM_027403197.2,1,0.8584023,2
XM_027396813.2,1,0.34935364,2
XM_035441066.1,1,0.8593715,2
XM_027403959.2,1,0.4047173,2
NM_001244074.1,0,0.1639073,2
XM_027399830.2,1,0.5444065,2
XM_035439688.1,1,0.39913663,2
XM_027398560.2,1,0.15372416,2
XM_027403446.2,1,0.89801514,2
XM_035438751.1,0,0.12159757,2
XM_027399055.2,0,0.13407342,2
XM_027396988.2,0,0.3593654,2
NM_001246716.1,1,0.15195201,2
XM_027403928.2,1,0.50262606,2
XM_027401374.2,0,0.122088954,2
XM_027402354.2,1,0.13910142,2
XM_027401645.2,1,0.85704297,2
XM_027398778.2,0,0.42033175,2
XM_027399855.2,1,0.77633595,2
XM_027400399.1,1,0.68656635,2
XM_027401254.2,1,0.90020144,2
XM_027401027.2,1,0.7831967,2
XM_027400113.2,1,0.8591818,2
XM_035439327.1,1,0.5061172,2
XM_027399217.2,1,0.7919469,2
XM_035438715.1,0,0.15539932,2
XM_027399698.2,0,0.35274714,2
XM_035439041.1,0,0.12568875,2
XM_035440132.1,0,0.23319666,2
XM_027404122.2,1,0.58374524,2
XM_027403145.1,1,0.19074225,2
XM_027399306.2,1,0.72679234,2
XM_035440160.1,1,0.8690998,2
XM_035440790.1,1,0.21675935,2
XM_035439188.1,0,0.1620227,2
XM_035441103.1,0,0.80445427,2
XM_035438754.1,0,0.10721479,2
XM_027400714.2,0,0.1157141,2
XM_027403358.2,1,0.76029384,2
XM_027399584.2,0,0.13130641,2
XM_035438761.1,0,0.15217364,2
XM_027402436.2,1,0.87608236,2
XM_027398896.2,1,0.8907624,2
XM_027402524.2,1,0.62143105,2
XM_027399583.2,1,0.8402795,2
XM_027397732.2,1,0.8771521,2
XM_027402061.2,1,0.81660044,2
XM_035441056.1,1,0.15254673,2
XM_035438816.1,1,0.18773639,2
XM_027396824.2,1,0.8715748,2
XM_027403563.2,1,0.90174973,2
XM_027397626.2,0,0.13205105,2
XM_027401106.2,0,0.40042928,2
XM_027399887.2,0,0.17819525,2
XM_027398501.2,1,0.3069011,2
XM_027396226.2,0,0.16329284,2
XM_035440176.1,1,0.5912273,2
XM_027402343.2,0,0.3509733,2
XM_027400177.2,1,0.39515075,2
XM_027401113.2,1,0.87509346,2
XM_027402631.2,0,0.13825603,2
XM_027403491.2,1,0.8896326,2
XM_027401919.2,0,0.48280215,2
XM_027399973.2,1,0.58182997,2
XM_027402245.2,1,0.6315622,2
XM_027399422.2,1,0.14312257,2
XM_027401995.2,1,0.8640233,2
XM_027398256.2,0,0.6613974,2
XM_027400855.2,1,0.69627035,2
XM_027401174.2,1,0.8801277,2
XM_027398797.2,1,0.56932104,2
XM_027400706.2,0,0.11234463,2
XM_027396189.2,0,0.1579055,2
XM_035438842.1,1,0.14699069,2
XM_027401490.2,0,0.7843936,2
XM_027403417.2,1,0.72002935,2
XM_027403415.2,0,0.7288936,2
XM_027401691.2,1,0.85236603,2
XM_027396107.2,1,0.83184767,2
XM_027400313.2,1,0.66214615,2
XM_035439660.1,0,0.8448531,2
XM_027400902.2,1,0.63416225,2
XM_027399180.2,1,0.79209185,2
XM_035440155.1,0,0.148945,2
XM_027399167.2,1,0.6132466,2
NM_001246765.1,0,0.110605955,2
XM_027401900.2,1,0.6761934,2
XM_035440860.1,1,0.2722378,2
XM_027396703.2,0,0.15876906,2
XM_035440445.1,0,0.47355092,2
XM_027400934.2,1,0.8948479,2
XM_027403805.2,1,0.12798625,2
XM_035440194.1,0,0.61992663,2
XM_027401643.2,1,0.1558592,2
XM_027404234.2,1,0.3213549,2
XM_027396371.2,1,0.5647842,2
XM_027398594.2,1,0.20849799,2
XM_035439270.1,0,0.173676,2
XM_035439138.1,0,0.13426252,2
XM_035440831.1,1,0.22252786,2
XM_027401606.2,1,0.8905224,2
XM_027403063.1,1,0.9080349,2
XM_035439271.1,0,0.14754365,2
XM_035439933.1,1,0.24327262,2
XM_027400233.2,0,0.7657414,2
XM_027399377.2,1,0.86670595,2
XM_027404328.2,1,0.91051406,2
XM_027403656.2,1,0.33341172,2
XM_027398740.2,0,0.6861612,2
XM_035441133.1,0,0.7954635,2
XM_027398138.2,0,0.12351577,2
XM_035438739.1,0,0.25944075,2
XM_027400975.2,1,0.75495195,2
XM_027396471.2,0,0.82552034,2
XM_027400546.2,1,0.91240245,2
XM_027398029.2,1,0.31034225,2
XM_035439136.1,1,0.1274484,2
XM_027400073.2,0,0.3940229,2
XM_027404037.2,1,0.68420255,2
XM_027401373.2,1,0.4345477,2
XM_027400581.2,1,0.9022892,2
NM_001244519.1,1,0.5162595,2
XM_027403421.2,0,0.18470864,2
XM_027401083.2,1,0.7823133,2
XM_027402259.2,1,0.55069613,2
XM_035441030.1,0,0.39970016,2
XM_035438992.1,0,0.17677599,2
XM_027396085.2,1,0.17773134,2
XM_027400653.2,1,0.86080533,2
XM_035441134.1,0,0.6585456,2
XM_035439094.1,0,0.21419378,2
XM_027402413.2,1,0.7166999,2
XM_027404279.2,0,0.39687318,2
XM_027400179.2,1,0.7583454,2
XM_027402716.2,0,0.15747032,2
XM_027396232.2,1,0.65295094,2
XM_035438811.1,0,0.14319682,2
XM_027399219.2,1,0.7314333,2
XM_027399587.2,0,0.32333624,2
XM_027399620.2,0,0.32664055,2
XM_027403172.2,1,0.7135689,2
XM_027404113.2,0,0.2458176,2
XM_027402278.2,0,0.12584221,2
XM_027401530.2,0,0.12614718,2
XM_035439864.1,0,0.46506566,2
XM_027403310.2,0,0.43203035,2
XM_027402174.2,1,0.1301454,2
XM_027403987.2,0,0.3188977,2
XM_035441041.1,0,0.14408341,2
XM_035439811.1,1,0.12162875,2
XM_027400649.2,1,0.25815195,2
XM_027401588.2,1,0.90151435,2
NM_001246755.1,1,0.8931732,2
XM_027396390.2,1,0.88654727,2
XM_027404211.2,0,0.15803003,2
XM_027401268.2,1,0.17729639,2
XM_027396424.2,1,0.66188776,2
XM_027404265.2,1,0.68766433,2
XM_027396606.2,1,0.38873446,2
XM_027399157.2,1,0.875992,2
XM_027396004.2,0,0.8671173,2
XM_027401513.2,1,0.16712007,2
XM_035439927.1,0,0.6181984,2
XM_027402899.2,0,0.15143506,2
XM_027399529.2,0,0.3193262,2
NM_001244852.1,1,0.17155907,2
XM_027398754.2,1,0.9015319,2
XM_027401065.2,1,0.8698284,2
XM_027401086.2,0,0.4681597,2
XM_027398408.2,1,0.24513328,2
XM_027403983.2,0,0.3995554,2
XM_027403217.2,0,0.15986109,2
XM_035438692.1,1,0.23340754,2
XM_027399903.2,1,0.75868666,2
XM_027396664.2,1,0.8113404,2
NM_001244004.1,1,0.88537663,2
XM_027401532.2,1,0.49278545,2
XM_027401753.2,1,0.8680465,2
XM_027404069.2,1,0.8680643,2
XM_035440003.1,0,0.22045013,2
XM_027399642.2,1,0.8538355,2
XM_027403273.2,0,0.70196944,2
XM_035438638.1,0,0.11531975,2
XM_035438686.1,0,0.14196599,2
XM_027399376.2,1,0.87433374,2
XM_035439544.1,0,0.33572432,2
XM_027402965.2,0,0.104177676,2
XM_035438937.1,0,0.24702455,2
XM_027396627.2,1,0.50159514,2
XM_035438637.1,0,0.14154224,2
XM_035438672.1,0,0.12120293,2
XM_035438649.1,0,0.18176195,2
XM_027402511.2,1,0.42253,2
XM_027400929.2,0,0.23302823,2
XM_027399295.1,0,0.27902067,2
XM_035440453.1,1,0.27356613,2
XM_027399533.2,0,0.17790289,2
XM_027403639.2,1,0.88648266,2
XM_035440152.1,0,0.41619813,2
NM_001246762.1,1,0.60669905,2
XM_027400807.2,0,0.82628864,2
XM_027400862.2,1,0.8537694,2
XM_027401769.2,1,0.89727837,2
XM_027401652.2,0,0.6178909,2
XM_035441170.1,1,0.20280506,2
XM_027403768.1,0,0.12360604,2
XM_027399328.2,1,0.8001111,2
XM_027399402.2,1,0.16466506,2
XM_027403933.2,0,0.14117683,2
XM_035439844.1,0,0.16537045,2
XM_027400266.2,0,0.17775014,2
XM_027403374.2,1,0.8960469,2
XM_035440339.1,1,0.19874293,2
XM_027396797.2,1,0.89541715,2
XM_027397587.2,1,0.89385194,2
XM_035440552.1,1,0.67284137,2
XM_027400154.2,1,0.88741404,2
XM_035440808.1,0,0.753541,2
XM_027396508.2,1,0.64367014,2
NM_001246747.1,0,0.34251082,2
XM_035438790.1,0,0.13823815,2
XM_027396124.2,1,0.3364556,2
XM_027403475.2,0,0.34984526,2
NM_001243978.1,0,0.18394285,2
NM_001243977.1,0,0.20271607,2
XM_035440356.1,1,0.8237116,2
XM_035440378.1,0,0.19728298,2
XM_027403039.2,0,0.2555042,2
XM_027402763.2,0,0.8711824,2
XM_035438956.1,0,0.10735373,2
XM_035438952.1,0,0.12616248,2
XM_027398205.2,1,0.5656236,2
XM_027400476.2,1,0.91268426,2
XM_027398317.2,0,0.1311407,2
XM_027397759.2,1,0.892567,2
XM_027400686.2,1,0.8147074,2
XM_027400819.2,1,0.5789427,2
XM_027396820.2,1,0.77483517,2
XM_027399755.2,0,0.85089827,2
XM_027396180.2,0,0.38670403,2
XM_027398476.2,1,0.73822665,2
XM_027404102.2,1,0.7608347,2
XM_027399095.2,1,0.5309528,2
XM_027402375.2,1,0.7649826,2
XM_027399381.2,0,0.2120777,2
XM_027399378.2,1,0.5680405,2
XM_027399242.2,0,0.7757349,2
XM_027402049.2,0,0.39540404,2
XM_027397271.2,1,0.82484025,2
XM_035440516.1,0,0.14739019,2
XM_027399079.2,1,0.7749168,2
XM_035439686.1,1,0.21421236,2
XM_027402113.2,1,0.7986607,2
XM_027404859.2,1,0.8364218,3
XM_027409139.2,1,0.79843026,3
XM_027409156.2,1,0.8097843,3
XM_027405506.2,0,0.16340683,3
XM_027409451.2,0,0.16354953,3
XM_027408655.2,1,0.18844737,3
XM_027409059.2,0,0.23395364,3
XM_035442598.1,0,0.18137385,3
XM_027410076.2,0,0.36127454,3
XM_027404848.2,0,0.22268967,3
XM_027408725.2,1,0.26033843,3
XM_027408102.2,0,0.15854228,3
XM_027404629.2,0,0.31310633,3
XM_027407679.2,1,0.42743105,3
XM_027408691.2,0,0.38868538,3
XM_035441567.1,0,0.1651635,3
XM_035441604.1,0,0.16176365,3
XM_027406547.1,0,0.22280973,3
XM_035441385.1,1,0.16140604,3
XM_027429696.2,0,0.22185685,3
XM_027410548.1,1,0.1687932,3
XM_027410297.2,1,0.829624,3
XM_027409863.2,1,0.7368459,3
XM_027404476.2,0,0.5336784,3
XM_027430005.2,0,0.18541043,3
XM_027404838.2,1,0.29187226,3
XM_027428433.2,0,0.16687919,3
XM_027408863.2,0,0.6005589,3
XM_027410342.2,0,0.17931372,3
XM_027408309.2,1,0.36503914,3
XM_035442344.1,1,0.36264998,3
XM_035448649.1,0,0.16601391,3
XM_027410751.2,0,0.16443634,3
XM_027429435.2,1,0.58260536,3
XM_027407300.2,0,0.47604793,3
XM_027405791.2,1,0.6266479,3
XM_035448945.1,0,0.17202887,3
XM_035442120.1,0,0.27523673,3
XM_027408449.2,0,0.49132824,3
XM_027408617.2,1,0.49342993,3
XM_027410038.2,0,0.19669047,3
XM_027406259.2,1,0.3292905,3
XM_027407240.2,1,0.5780913,3
XM_027410387.2,1,0.1948295,3
XM_035442926.1,0,0.19463581,3
XM_027408643.2,0,0.5997822,3
XM_027408912.2,0,0.17662995,3
XM_027428222.2,1,0.21580222,3
XM_027410142.2,1,0.81044906,3
XM_027409402.2,1,0.683879,3
XM_027428344.2,1,0.5340126,3
XM_027409083.2,0,0.45098957,3
XM_027430004.2,0,0.16132772,3
XM_027406183.2,1,0.5339238,3
XM_027409722.2,1,0.81756,3
XM_027410694.2,0,0.16218868,3
XM_035442550.1,0,0.1990721,3
XM_027407093.2,0,0.19734013,3
XM_027404842.2,0,0.16773573,3
XM_027405600.2,0,0.28158122,3
XM_027409964.2,0,0.5508968,3
XM_035442057.1,0,0.30594835,3
XM_027404935.2,0,0.5693461,3
XM_035442736.1,0,0.16728954,3
XM_027405778.2,1,0.788791,3
NM_001246702.1,1,0.85789007,3
XM_027405708.2,0,0.2026154,3
XM_027407601.2,1,0.30562198,3
XM_027408607.2,1,0.71476877,3
XM_027408660.2,0,0.6492456,3
XM_027404864.2,1,0.81034815,3
XM_027428522.1,0,0.17184676,3
XM_035448492.1,0,0.15251547,3
XM_035441894.1,0,0.17780393,3
XM_035443105.1,0,0.16456029,3
XM_035448967.1,0,0.16665934,3
XM_027408540.2,0,0.36922133,3
XM_027405926.2,0,0.16796356,3
NM_001246825.2,1,0.6693758,3
XM_035442093.1,1,0.57645535,3
NM_001246718.1,1,0.18524487,3
XM_027409940.2,0,0.77694035,3
XM_027407443.2,1,0.7374209,3
XM_027428711.2,1,0.2571406,3
XM_027408601.2,1,0.398915,3
XM_027428846.2,1,0.72267896,3
XM_027408927.2,1,0.4880799,3
XM_027408760.2,1,0.67721534,3
XM_027407245.1,1,0.7070026,3
XM_027405739.1,0,0.3430201,3
XM_027407696.2,1,0.7952445,3
XM_027407840.2,1,0.47948542,3
XM_027405741.2,0,0.27867278,3
XM_027405522.2,1,0.8617838,3
XM_027407271.2,0,0.19026923,3
XM_027428982.2,1,0.23738243,3
XM_027404847.2,1,0.33680114,3
XM_027428267.2,1,0.7377902,3
XM_035441688.1,1,0.27319822,3
XM_027408713.2,1,0.5913024,3
XM_027429002.2,1,0.69703543,3
XM_027407640.2,1,0.7910781,3
XM_027405706.1,1,0.36185423,3
XM_035442039.1,1,0.343398,3
XM_027408813.2,1,0.75558776,3
XM_027409765.2,1,0.8489253,3
XM_027405958.2,1,0.43904743,3
XM_027407479.2,0,0.16276659,3
XM_027429432.2,1,0.7307574,3
XM_027409778.2,0,0.2883171,3
XM_027429427.2,1,0.30971634,3
XM_027405683.2,0,0.16643773,3
XM_027428808.2,1,0.6082193,3
XM_027409314.2,1,0.83963513,3
XM_027409053.2,0,0.4852083,3
XM_027407608.2,1,0.8335656,3
NM_001246743.1,1,0.21425183,3
XM_027408327.2,1,0.33949423,3
XM_027428684.2,1,0.58248836,3
XM_027429543.2,1,0.8402031,3
XM_035442622.1,0,0.67859215,3
XM_027429112.2,1,0.20284395,3
XM_027428231.2,1,0.3199968,3
XM_027408331.2,1,0.3624669,3
XM_027428741.2,0,0.19676742,3
XM_035441565.1,0,0.15584317,3
XM_035448796.1,0,0.24405132,3
XM_027407457.2,1,0.3850811,3
XM_027406021.2,0,0.5107562,3
XM_027409796.2,0,0.22040692,3
XM_027406730.2,0,0.52876073,3
XM_027407573.2,0,0.32234505,3
XM_027428581.2,1,0.7385305,3
XM_035442459.1,0,0.24029478,3
XM_027410592.2,1,0.74890035,3
XM_027406246.2,1,0.56687117,3
XM_035448861.1,0,0.15891564,3
XM_027406275.2,1,0.35403514,3
XM_035442003.1,0,0.24422349,3
XM_035441325.1,0,0.22393945,3
XM_035442164.1,1,0.31940123,3
XM_035441542.1,0,0.53420347,3
XM_027405807.2,0,0.5484066,3
XM_027428944.2,0,0.17491052,3
XM_035442417.1,0,0.15934902,3
NM_001244854.2,0,0.31237838,3
XM_035442106.1,1,0.23258612,3
XM_027428404.2,1,0.20307417,3
XM_027405112.2,1,0.48059297,3
XM_035442534.1,1,0.20572153,3
XM_035441748.1,0,0.16052026,3
XM_027410729.2,1,0.50766927,3
XM_027405710.2,1,0.76873714,3
XM_027405512.2,0,0.21204811,3
XM_027406416.1,0,0.17143156,3
XM_027428605.2,1,0.8511461,3
XM_027408356.2,1,0.39060357,3
XM_027430179.2,1,0.675053,3
XM_035441425.1,0,0.17678766,3
XM_027429998.2,0,0.166036,3
XM_035441632.1,1,0.20303789,3
XM_027409504.2,0,0.2604853,3
XM_027409554.2,1,0.24882591,3
XM_027404881.2,0,0.15622634,3
XM_027404616.2,1,0.46497932,3
XM_035442984.1,0,0.24622512,3
XM_035441364.1,0,0.26575217,3
XM_027407155.2,0,0.6878827,3
XM_027410772.2,1,0.4906437,3
XM_027405833.2,0,0.6601683,3
XM_027404525.2,1,0.2943619,3
XM_027410505.2,0,0.5579464,3
XM_027405074.2,0,0.74452907,3
XM_027405496.2,0,0.16050412,3
XM_027406376.2,0,0.3888385,3
XM_027408787.2,1,0.42007756,3
XM_027410242.2,1,0.23566715,3
XM_027405119.2,0,0.21940748,3
XM_035441301.1,0,0.24160124,3
XM_035442559.1,0,0.16666077,3
XM_027406419.2,0,0.21565063,3
XM_027429568.2,1,0.18316594,3
XM_027406748.2,1,0.79134536,3
XM_027428289.2,1,0.567764,3
NM_001244079.1,0,0.7471789,3
XM_027429116.2,1,0.54882807,3
XM_027404791.2,1,0.7538637,3
XM_027405593.2,0,0.56785935,3
XM_027405595.2,1,0.57046735,3
XM_027408182.2,0,0.26849,3
XM_027428705.2,1,0.70850676,3
XM_027405136.2,1,0.19113739,3
XM_027429650.2,0,0.16247647,3
XM_027404522.2,1,0.2611215,3
XM_027429711.2,1,0.8602899,3
XM_027407475.1,0,0.16552003,3
XM_027409192.2,0,0.1613247,3
XM_027408856.2,0,0.17356367,3
XM_027408683.2,1,0.803551,3
XM_027408200.2,1,0.73679674,3
NM_001291665.1,0,0.19365135,3
XM_027406251.2,1,0.23660736,3
XM_027410701.2,1,0.3616882,3
XM_027409066.2,0,0.1613275,3
XM_027409519.2,0,0.2103978,3
XM_027407236.2,1,0.27590585,3
XM_027407237.2,0,0.26060113,3
XM_035441570.1,1,0.16248035,3
XM_035441587.1,0,0.16498858,3
XM_027408342.2,1,0.40200463,3
XM_027410470.2,1,0.27787194,3
XM_027409518.2,0,0.2009312,3
XM_027409524.2,0,0.35918418,3
XM_035441790.1,1,0.19038406,3
XM_027407662.2,1,0.44182062,3
XM_027428981.2,1,0.22411695,3
XM_027409613.2,1,0.7804973,3
XM_027407899.2,1,0.2496346,3
XM_027410623.2,0,0.2075667,3
XM_035442205.1,1,0.2553241,3
XM_035442885.1,0,0.21353953,3
XM_027407450.2,0,0.19016334,3
XM_027429354.2,1,0.16897051,3
XM_035441444.1,0,0.15892868,3
XM_027409019.2,0,0.17118873,3
XM_035442067.1,1,0.2870602,3
XM_027429316.2,0,0.849911,3
XM_027428532.2,1,0.1586624,3
XM_027429801.2,0,0.19828266,3
XM_027408736.2,0,0.2777297,3
XM_027409282.2,1,0.2564984,3
XM_035443075.1,0,0.15655418,3
XM_035442455.1,0,0.19045804,3
XM_027406893.2,0,0.156925,3
XM_027409191.2,0,0.16067933,3
XM_027410350.2,0,0.18045416,3
XM_027405758.2,0,0.1975301,3
XM_035441702.1,1,0.30436835,3
XM_027406773.1,0,0.16718195,3
XM_035448576.1,0,0.30924743,3
XM_027428427.2,1,0.574049,3
XM_027409215.1,0,0.16041449,3
XM_027409526.2,1,0.20237978,3
XM_035448656.1,0,0.1509612,3
XM_035448710.1,0,0.16843835,3
XM_035448485.1,0,0.19051483,3
XM_027404798.2,1,0.337539,3
XM_027409212.2,0,0.16072541,3
XM_027409029.2,0,0.16306949,3
XM_027429642.2,1,0.25630477,3
XM_035442880.1,1,0.18940218,3
XM_027410174.2,1,0.5609966,3
XM_027409043.2,0,0.18371053,3
XM_027405760.2,0,0.15621197,3
XM_027428461.2,0,0.20041542,3
XM_035441605.1,0,0.15993504,3
XM_027429010.2,0,0.22151184,3
XM_027408303.2,0,0.15480365,3
XM_035442317.1,0,0.16419032,3
XM_035443027.1,0,0.1641794,3
XM_027409042.2,0,0.16396208,3
XM_027406753.2,0,0.19152732,3
XM_035442614.1,0,0.46630818,3
XM_027405665.2,0,0.42500588,3
XM_035442144.1,0,0.15243313,3
XM_027405098.2,0,0.3063957,3
XM_027409535.2,0,0.1991233,3
XM_035449012.1,0,0.16820173,3
XM_027409545.2,0,0.19763342,3
XM_027405094.2,0,0.24880952,3
XM_035441452.1,0,0.18635727,3
XM_027405611.2,0,0.30019313,3
XM_027404733.2,0,0.15955338,3
XM_027405609.2,0,0.24514085,3
XM_035441683.1,0,0.1556302,3
XM_027428934.2,0,0.20465095,3
XM_035441905.1,0,0.15990455,3
XM_027406044.2,1,0.53431857,3
XM_027405771.2,0,0.16489525,3
XM_027404869.2,0,0.20882136,3
XM_035442128.1,0,0.20168921,3
XM_027428773.2,0,0.49139535,3
XM_035441649.1,1,0.16512278,3
XM_027404756.1,0,0.16414563,3
XM_027407898.2,0,0.1745758,3
XM_027409367.2,0,0.7520549,3
XM_035449061.1,0,0.1671402,3
XM_027409547.2,0,0.3032081,3
XM_027406366.2,0,0.23855457,3
XM_027429553.2,1,0.17828783,3
XM_027409528.2,1,0.19946729,3
XM_027409510.2,1,0.20382354,3
XM_035442875.1,1,0.199011,3
XM_027406370.2,0,0.24972674,3
XM_027408834.2,0,0.1997738,3
XM_035441620.1,1,0.15472141,3
XM_027428792.2,0,0.32719317,3
XM_035443007.1,1,0.24644507,3
XM_027406333.2,0,0.23833597,3
XM_027410316.2,1,0.16554175,3
XM_027409601.2,0,0.4955599,3
XM_027429819.2,0,0.35225743,3
XM_027428393.2,0,0.17037678,3
XM_035442509.1,1,0.5726094,3
XM_035442450.1,1,0.31331253,3
XM_027407358.2,1,0.8224115,3
XM_027406521.2,1,0.6764893,3
XM_027406770.2,0,0.18246919,3
XM_035441630.1,0,0.16124591,3
XM_035441641.1,0,0.15688893,3
XM_027404572.2,1,0.19954067,3
XM_035442061.1,0,0.58071357,3
XM_035441675.1,0,0.23053657,3
XM_035442981.1,1,0.19160287,3
XM_035441617.1,1,0.2702957,3
XM_027406096.1,0,0.33266363,3
XM_027406769.2,0,0.17781453,3
XM_027407321.2,1,0.6815846,3
XM_035442343.1,0,0.18054558,3
XM_035441648.1,0,0.15469196,3
XM_027428398.2,0,0.20608468,3
XM_027428736.1,0,0.16328534,3
XM_027428842.2,0,0.18428558,3
XM_027429744.2,0,0.2005476,3
XM_027408375.2,0,0.46049374,3
XM_035449050.1,0,0.18079902,3
XM_035441732.1,1,0.17032176,3
XM_035442613.1,0,0.19432324,3
XM_035448715.1,0,0.16635022,3
XM_027428263.2,0,0.37692207,3
XM_035448648.1,0,0.34890482,3
XM_035442228.1,0,0.4082082,3
XM_027409450.2,1,0.40897146,3
XM_035441885.1,1,0.24292313,3
XM_027406757.2,1,0.18482932,3
XM_035443086.1,0,0.15051776,3
XM_027407770.2,1,0.3780196,3
XM_027405513.2,1,0.7570547,3
XM_035448493.1,0,0.20825674,3
XM_035442586.1,0,0.44807982,3
XM_027428229.2,0,0.45309344,3
XM_027428925.2,1,0.8001564,3
XM_027428486.2,1,0.59756553,3
XM_035448608.1,1,0.20267175,3
XM_035449047.1,1,0.1642726,3
XM_027404902.2,1,0.78704417,3
XM_027428323.2,1,0.4568506,3
XM_027408799.2,1,0.48842,3
XM_035442548.1,0,0.28160697,3
XM_035442928.1,0,0.16469698,3
XM_027406277.2,1,0.4045152,3
XM_027430074.2,0,0.20406528,3
XM_027410708.2,1,0.31783536,3
XM_027407746.2,1,0.18468817,3
XM_027404590.2,1,0.68678266,3
XM_027428668.2,1,0.45256495,3
XM_027410748.2,1,0.24033551,3
XM_027430101.2,1,0.6942832,3
XM_027407556.2,0,0.5511143,3
XM_035441789.1,0,0.24521177,3
XM_027429934.2,0,0.2988955,3
XM_027429168.2,0,0.17552331,3
XM_027408077.2,1,0.6387684,3
XM_027409389.2,1,0.43256766,3
XM_027408789.2,0,0.2085053,3
XM_027406648.2,1,0.4364592,3
XM_027408172.2,0,0.58945465,3
XM_027430077.2,1,0.37247396,3
XM_027406667.2,0,0.1612652,3
XM_035441560.1,0,0.16814546,3
NM_001244576.1,0,0.15972197,3
XM_035441989.1,1,0.41481772,3
XM_027410714.2,1,0.2917717,3
XM_027410664.2,0,0.250714,3
XM_035441522.1,0,0.16416997,3
XM_035441586.1,0,0.16123979,3
XM_035442554.1,1,0.2519039,3
XM_027407671.2,1,0.61709344,3
XM_035448820.1,1,0.16364792,3
XM_035442606.1,0,0.22147284,3
XM_027406160.2,1,0.33652154,3
XM_027407681.2,1,0.50620097,3
XM_027408738.2,1,0.4988906,3
XM_035442712.1,0,0.21158062,3
XM_035441671.1,0,0.16821843,3
NM_001244100.1,0,0.30602556,3
XM_027429620.2,0,0.16740844,3
XM_027407135.2,1,0.74564886,3
XM_027409965.2,0,0.40646467,3
XM_035441396.1,0,0.16196807,3
XM_035441276.1,0,0.20226425,3
NM_001244292.1,1,0.78024244,3
XM_027410446.2,0,0.66899455,3
XM_027428301.2,1,0.7776719,3
XM_027407166.2,0,0.67961633,3
XM_027405950.2,0,0.22848168,3
XM_027409279.2,1,0.30380854,3
XM_035441622.1,1,0.18043305,3
XM_035442008.1,1,0.19076397,3
XM_035442809.1,1,0.261779,3
XM_027428425.2,1,0.7630089,3
XM_027408740.2,1,0.56960535,3
XM_027405044.2,0,0.15366364,3
XM_027429829.2,0,0.36869335,3
XM_027409939.2,0,0.16497219,3
XM_027410770.2,0,0.231864,3
XM_027404888.2,1,0.87271506,3
XM_035442348.1,0,0.18409416,3
XM_027406398.2,0,0.4649484,3
XM_027410101.2,1,0.7536667,3
XM_027407832.2,0,0.2759586,3
XM_027407437.2,0,0.1690141,3
XM_035442040.1,0,0.1741973,3
XM_035442934.1,0,0.16258594,3
XM_027405985.2,1,0.30057138,3
XM_027405191.2,0,0.3872174,3
XM_035448878.1,0,0.15770604,3
XM_027407239.2,0,0.16620173,3
XM_027409008.2,0,0.44744635,3
XM_027406454.2,1,0.54645544,3
XM_027406115.2,0,0.16955414,3
XM_027429549.1,0,0.32673204,3
XM_027407167.1,1,0.32298252,3
XM_027405667.2,1,0.6371975,3
XM_027408362.2,1,0.29004815,3
NM_001244281.1,1,0.19744714,3
XM_027408704.2,1,0.57967025,3
XM_027404632.2,1,0.48385066,3
XM_027428977.2,1,0.8644611,3
XM_027408249.2,1,0.7768645,3
XM_027408457.2,1,0.751151,3
XM_027428416.2,1,0.33220962,3
XM_035441287.1,0,0.19167626,3
XM_027410503.2,1,0.8002119,3
XM_035443043.1,0,0.19004269,3
XM_027410133.2,0,0.5057324,3
XM_027405876.2,0,0.21892701,3
XM_027405954.2,0,0.6546586,3
NM_001246707.1,1,0.6167044,3
XM_035441653.1,1,0.16068591,3
XM_027428228.2,0,0.30324832,3
XM_027406467.2,1,0.61493987,3
XM_035441614.1,0,0.16761145,3
XM_027430220.2,0,0.16511047,3
XM_035448584.1,1,0.3330457,3
XM_027405479.2,1,0.8132053,3
XM_027408634.2,1,0.49091038,3
XM_027409820.2,1,0.78498197,3
XM_027407593.2,0,0.16133556,3
XM_035442750.1,1,0.2785011,3
XM_027404680.2,1,0.48970103,3
XM_027406242.2,1,0.3000001,3
XM_027407540.2,0,0.41561612,3
XM_027410110.2,0,0.37037772,3
XM_027410282.2,1,0.5589636,3
XM_027428637.2,1,0.23054498,3
XM_027408250.2,1,0.44904202,3
XM_027406442.2,1,0.55126446,3
XM_027408411.2,0,0.8075624,3
XM_035449045.1,0,0.1599293,3
XM_035448851.1,0,0.16763467,3
XM_027429250.2,0,0.17736553,3
XM_027406558.2,1,0.479563,3
XM_027404868.2,0,0.69126076,3
NM_001246803.2,1,0.26703504,3
XM_027410154.1,1,0.24926385,3
XM_027408463.2,1,0.6629095,3
XM_027410131.2,1,0.6584597,3
XM_027407320.2,1,0.65065414,3
XM_035442819.1,1,0.34252253,3
XM_027429402.2,1,0.4630927,3
XM_027407555.2,0,0.6741759,3
XM_035441665.1,1,0.46032453,3
XM_035449002.1,0,0.15963027,3
XM_027410062.2,0,0.1621861,3
XM_027408552.2,1,0.7769264,3
XM_027408274.2,1,0.5528816,3
XM_027429122.2,1,0.34468153,3
XM_035442972.1,1,0.285245,3
XM_035441809.1,0,0.25614965,3
XM_027409287.2,0,0.25182423,3
NM_001246760.1,1,0.18056913,3
XM_027406001.1,1,0.59858626,3
XM_035448868.1,0,0.16808479,3
XM_035441788.1,1,0.6293722,3
XM_027407201.2,1,0.2821398,3
XM_027409015.2,0,0.39308298,3
XM_027405298.2,1,0.22012737,3
XM_035441741.1,1,0.15714876,3
XM_027408846.2,0,0.20598115,3
XM_035448581.1,0,0.2300804,3
XM_027408646.2,1,0.2634582,3
XM_035441543.1,0,0.16685553,3
XM_027405918.2,1,0.57561713,3
XM_035441351.1,0,0.16559319,3
XM_027404646.2,1,0.39402798,3
XM_027410384.2,0,0.42246404,3
XM_027408521.2,0,0.27275193,3
XM_027405537.2,0,0.27633017,3
XM_035442268.1,0,0.1984462,3
XM_027410617.2,0,0.27936164,3
XM_027406450.2,1,0.32952943,3
XM_027407763.1,1,0.16853109,3
XM_027404582.2,0,0.46218082,3
XM_027410130.2,0,0.16394214,3
XM_027428260.2,0,0.4464981,3
NM_001246759.1,1,0.33232918,3
XM_035441347.1,0,0.36010498,3
NM_001246678.1,1,0.582071,3
XM_027407066.2,1,0.23906644,3
XM_027429930.2,1,0.8162045,3
XM_027404526.2,1,0.6260751,3
XM_035442496.1,0,0.4516637,3
XM_035441585.1,0,0.17506966,3
XM_035442095.1,0,0.25737417,3
XM_027408535.2,1,0.5797161,3
XM_035448808.1,1,0.653437,3
XM_027407091.2,0,0.8023946,3
XM_027429143.2,0,0.40825102,3
XM_027404795.2,0,0.28817844,3
XM_035449003.1,0,0.42464587,3
XM_027404625.2,0,0.22100878,3
XM_027409333.2,1,0.7997444,3
XM_027409682.2,0,0.21349674,3
XM_027428571.2,1,0.6064199,3
XM_027410399.2,0,0.3639038,3
XM_027428628.2,0,0.22438487,3
XM_027404481.2,1,0.23485737,3
XM_027409875.2,1,0.57532525,3
XM_027410184.2,1,0.39348373,3
XM_027428348.1,1,0.8145194,3
XM_027406692.2,1,0.4102582,3
XM_027404622.2,0,0.21604902,3
XM_027407472.2,0,0.24648389,3
XM_027407191.2,0,0.44646436,3
XM_027407338.2,1,0.85740274,3
XM_027406701.2,1,0.21024983,3
XM_027408637.2,0,0.17960826,3
XM_027428468.2,0,0.19835879,3
XM_027410063.2,1,0.83100563,3
XM_027408970.2,1,0.59222984,3
XM_027410060.2,1,0.81299245,3
XM_027430055.2,1,0.8324121,3
XM_027404789.2,1,0.83347744,3
XM_027428259.2,1,0.2265872,3
XM_027409994.2,0,0.6410981,3
XM_035448964.1,1,0.55989695,3
XM_027405792.2,0,0.724417,3
XM_027409366.2,1,0.17395967,3
XM_035441294.1,1,0.39434272,3
XM_027407120.2,1,0.6320213,3
XM_027406897.2,1,0.6927425,3
XM_035448803.1,0,0.16665754,3
XM_027408859.2,0,0.4830014,3
XM_027408039.2,0,0.15280998,3
XM_027407314.2,1,0.5746086,3
XM_027409122.2,1,0.68674546,3
XM_035442601.1,1,0.39216515,3
XM_027429342.2,0,0.31535304,3
XM_027428314.2,1,0.31845266,3
XM_027429485.2,1,0.24227838,3
XM_027429487.2,0,0.26195836,3
XM_027405246.2,1,0.53125715,3
NM_001265617.2,0,0.18988296,3
XM_027406313.2,1,0.83341247,3
XM_027410171.2,1,0.349058,3
NM_001244293.1,1,0.81311065,3
XM_027429910.2,1,0.83365977,3
XM_027410071.2,1,0.8195443,3
XM_035441352.1,0,0.23198664,3
XM_027409289.2,1,0.7926329,3
XM_027428410.2,1,0.8195947,3
XM_027406595.2,1,0.84991175,3
NM_001244298.1,1,0.79768336,3
XM_027404518.2,1,0.67892146,3
XM_027413860.1,0,0.81512195,4
XM_027415211.1,1,0.7676211,4
XM_035443323.1,1,0.24234362,4
XM_027421557.2,1,0.8301369,4
XM_035444459.1,0,0.26038718,4
XM_027422357.1,0,0.19401665,4
XM_027414351.2,0,0.32455567,4
XM_035446222.1,1,0.100538075,4
XM_027412185.2,0,0.24180143,4
XM_027421563.2,0,0.22506127,4
XM_027421379.2,0,0.3429985,4
XM_027422263.2,0,0.4021575,4
XM_027421238.2,1,0.76921225,4
XM_027420398.2,0,0.31602243,4
XM_027411222.2,1,0.91082865,4
XM_035446936.1,1,0.11570928,4
XM_027411733.2,0,0.20728217,4
XM_035444779.1,1,0.4638962,4
XM_027412774.2,1,0.29411855,4
XM_027419887.2,0,0.8236707,4
XM_027420668.2,1,0.790685,4
XM_027413054.2,1,0.2899399,4
XM_027412161.2,1,0.7115982,4
XM_027415983.2,0,0.6095721,4
XM_027422413.2,1,0.5579342,4
XM_027413726.2,0,0.17232798,4
XM_027414538.2,0,0.3183425,4
XM_027416023.2,1,0.89473855,4
XM_027414810.2,1,0.77678585,4
XM_027416219.2,1,0.8327181,4
XM_027414537.2,1,0.36835262,4
XM_027421566.2,1,0.821518,4
XM_035444500.1,0,0.528088,4
XM_027411977.2,1,0.9025247,4
XM_027422527.2,1,0.8974947,4
XM_035447073.1,0,0.14781752,4
XM_027420430.2,1,0.887868,4
XM_035444618.1,0,0.15653776,4
XM_027422804.2,1,0.8312439,4
XM_035447126.1,0,0.27170083,4
XM_027421901.2,0,0.11962291,4
XM_035443303.1,1,0.91123205,4
XM_027420158.2,0,0.24320658,4
XM_027411997.2,0,0.7172823,4
XM_027420892.1,1,0.4228491,4
XM_027415331.2,1,0.9064559,4
XM_027410979.2,0,0.21352683,4
XM_027411381.2,0,0.42553172,4
XM_027421857.2,1,0.48585528,4
XM_027420708.2,1,0.4390451,4
XM_035446648.1,0,0.36846364,4
XM_035443157.1,0,0.24844652,4
XM_027414210.2,0,0.31395164,4
XM_027421913.2,1,0.86232126,4
XM_027411132.2,0,0.5025927,4
XM_035443293.1,1,0.8982527,4
XM_027413523.2,1,0.760841,4
XM_027413569.2,1,0.81758314,4
XM_027421760.2,1,0.6999688,4
XM_035443688.1,0,0.37339112,4
XM_027412318.2,0,0.13582732,4
XM_027411553.2,0,0.1962848,4
XM_027412433.2,1,0.91008526,4
XM_035447078.1,0,0.24402831,4
XM_027412060.2,0,0.6544599,4
XM_027422116.2,0,0.24554038,4
XM_027422363.2,0,0.6588167,4
XM_035443527.1,1,0.7205657,4
XM_027414625.2,1,0.82839787,4
XM_035443321.1,1,0.62150776,4
XM_035444327.1,0,0.41962293,4
XM_027415149.2,1,0.91306466,4
XM_027411239.2,1,0.737108,4
XM_027412311.2,0,0.117303714,4
XM_027415509.2,0,0.13436049,4
XM_027413946.2,0,0.8121163,4
XM_027423062.2,0,0.4273065,4
XM_035443452.1,1,0.8893912,4
XM_027412510.2,1,0.9004132,4
XM_035444119.1,0,0.22265266,4
XM_027421600.2,0,0.7624197,4
XM_035444120.1,0,0.31323436,4
XM_027411088.2,1,0.8333033,4
XM_027421835.2,1,0.47905964,4
NM_001244005.2,0,0.3854075,4
XM_027412427.2,1,0.90002334,4
XM_027410940.2,0,0.7922514,4
XM_027422037.2,0,0.49151057,4
XM_035444576.1,0,0.16818106,4
XM_027412451.2,1,0.8795413,4
XM_027415508.2,0,0.28627977,4
XM_027411332.2,1,0.86339426,4
XM_035443433.1,0,0.116455056,4
XM_027412475.2,1,0.87428474,4
XM_027415309.2,1,0.37638336,4
XM_027415302.2,1,0.8760052,4
XM_027419925.2,0,0.28208992,4
XM_035444199.1,0,0.22306582,4
XM_035444234.1,1,0.2900636,4
XM_035446352.1,0,0.21359466,4
XM_027412176.2,1,0.49313667,4
XM_027422398.2,0,0.22627334,4
XM_027414984.2,0,0.28486243,4
XM_027413622.2,1,0.8444495,4
XM_027422450.2,1,0.86329234,4
XM_027414963.1,1,0.31140795,4
XM_027421258.2,1,0.7219455,4
XM_027419853.1,1,0.31828752,4
XM_027422849.2,0,0.16150935,4
XM_035446592.1,1,0.87900954,4
XM_027414282.2,0,0.86477196,4
XM_027414137.2,1,0.8321665,4
XM_035444686.1,0,0.18086517,4
XM_035446133.1,0,0.33456153,4
XM_027412144.2,1,0.896438,4
XM_035447049.1,0,0.2034774,4
XM_027412993.2,1,0.8751812,4
XM_027416163.2,0,0.63887817,4
XM_027423452.2,1,0.83236223,4
XM_027423178.2,0,0.76729953,4
NM_001244041.1,1,0.2966775,4
XM_027422258.2,1,0.90603876,4
NM_001246685.1,0,0.84477776,4
XM_035447071.1,0,0.22140343,4
XM_027411696.1,1,0.7655234,4
XM_027421288.2,1,0.9149914,4
XM_035446753.1,0,0.15085745,4
XM_027414393.2,0,0.7862169,4
XM_027415305.2,1,0.8424116,4
XM_027423135.2,1,0.33976147,4
XM_027411800.2,1,0.9020778,4
XM_027413593.2,1,0.8611764,4
XM_027413066.2,1,0.77912295,4
XM_027411469.2,1,0.74317163,4
XM_027413030.2,1,0.8990882,4
XM_027416149.2,1,0.84307206,4
XM_035444201.1,0,0.14508319,4
XM_035445997.1,1,0.19103818,4
XM_027420575.2,0,0.13921869,4
XM_035444646.1,0,0.12386422,4
XM_027421352.2,1,0.82551795,4
XM_035446853.1,0,0.31443626,4
XM_027411826.2,0,0.34164384,4
XM_027413155.2,1,0.8255244,4
XM_027411771.2,1,0.85037947,4
XM_035446924.1,0,0.1673137,4
XM_027411155.2,1,0.90913224,4
XM_035444304.1,0,0.31158984,4
XM_035444452.1,0,0.2537697,4
XM_027421236.2,0,0.7410769,4
XM_027420237.2,1,0.8854827,4
XM_027411301.2,1,0.23335671,4
XM_027422349.2,1,0.90673745,4
XM_035444163.1,0,0.1346803,4
XM_027420686.2,1,0.43828085,4
XM_027415106.2,1,0.8057094,4
XM_027422288.2,0,0.26137295,4
XM_035443820.1,0,0.21765739,4
XM_035446189.1,1,0.70450693,4
XM_027422389.2,1,0.74902225,4
XM_027422613.2,1,0.89646035,4
XM_035446584.1,0,0.2624969,4
XM_027420060.2,0,0.22227184,4
XM_035444355.1,0,0.3942902,4
XM_035446464.1,0,0.3135461,4
XM_027410922.2,0,0.9015077,4
XM_027414247.2,1,0.3021998,4
NM_001244053.1,1,0.78528315,4
XM_035447043.1,0,0.19313954,4
XM_035444780.1,0,0.16056924,4
XM_027410833.2,0,0.18352945,4
NM_001256788.1,0,0.30753618,4
XM_035444147.1,0,0.15933634,4
XM_027422855.2,0,0.2681107,4
XM_027412708.2,1,0.89253896,4
XM_027423079.2,1,0.8850142,4
XM_035446611.1,0,0.11596947,4
XM_035446967.1,0,0.25038558,4
XM_027412913.2,0,0.26047596,4
XM_027414890.2,1,0.7589307,4
XM_027411926.2,1,0.867614,4
XM_027412172.2,0,0.87943465,4
XM_027420644.2,0,0.5914255,4
XM_027415905.2,1,0.6400916,4
NM_001246729.1,0,0.8755953,4
XM_027416193.2,0,0.37609056,4
XM_027414191.1,0,0.34510604,4
NM_001246754.1,0,0.15071923,4
XM_035444483.1,0,0.26231858,4
XM_027412314.1,0,0.21558027,4
XM_027411792.2,0,0.8744762,4
NM_001246690.1,1,0.86180276,4
XM_027421494.2,0,0.32625535,4
XM_027423195.2,0,0.6400954,4
XM_027415585.2,1,0.9035171,4
XM_027415009.2,1,0.5326447,4
NM_001246822.1,1,0.8074114,4
XM_035443741.1,0,0.23697388,4
XM_027413494.2,1,0.8201283,4
XM_027414928.2,0,0.34493273,4
XM_035444221.1,1,0.20140916,4
XM_035446632.1,0,0.16519353,4
XM_027421778.2,1,0.511547,4
XM_027422151.2,1,0.7856959,4
XM_027415143.2,1,0.67707807,4
XM_027420664.2,0,0.2556469,4
XM_027423481.2,0,0.3245269,4
XM_027419937.2,0,0.32338223,4
XM_027413575.2,1,0.6689303,4
XM_027410814.2,0,0.19169492,4
XM_035444083.1,0,0.6952012,4
NM_001243981.1,1,0.44035345,4
XM_035446810.1,0,0.3411306,4
XM_035443560.1,0,0.1825231,4
XM_027413754.2,0,0.40916383,4
XM_027414681.2,1,0.8452382,4
XM_027420228.2,1,0.39186555,4
XM_027415450.2,0,0.26085573,4
XM_027413921.2,1,0.86573046,4
XM_035444688.1,0,0.2872078,4
XM_035446786.1,0,0.37630937,4
XM_027413330.2,0,0.5043524,4
XM_027420715.2,0,0.27715865,4
XM_027412121.2,0,0.18782428,4
XM_027410832.2,0,0.20130125,4
XM_027423289.2,0,0.7635913,4
XM_035446529.1,0,0.30044922,4
XM_027416096.2,1,0.8471808,4
XM_027411812.2,0,0.2776511,4
XM_027411810.2,0,0.26764232,4
XM_035443738.1,1,0.7111595,4
XM_027420052.2,0,0.17089409,4
XM_027421369.2,1,0.54520833,4
XM_035446988.1,1,0.3281775,4
XM_027422204.2,1,0.7779257,4
XM_027415368.2,1,0.7568048,4
XM_027411587.2,1,0.3214448,4
XM_027413207.2,0,0.8684634,4
XM_035446701.1,0,0.29495507,4
XM_035444197.1,0,0.22285789,4
XM_027412308.2,0,0.14722246,4
XM_027411072.2,0,0.41701305,4
XM_035446580.1,0,0.2809914,4
XM_035444379.1,0,0.17898074,4
XM_027411932.2,1,0.39771268,4
XM_035446233.1,1,0.911351,4
XM_027422620.2,0,0.13630347,4
XM_027415200.2,0,0.5048547,4
XM_035444109.1,0,0.10178236,4
XM_027422738.2,0,0.51094645,4
XM_027415191.2,0,0.37410843,4
XM_027411839.2,0,0.6514381,4
XM_027422777.2,0,0.3331682,4
XM_027410998.2,1,0.9063064,4
XM_027414333.2,0,0.20542702,4
XM_027415172.2,0,0.89023286,4
XM_035444104.1,1,0.3686231,4
XM_027421011.1,0,0.1517481,4
XM_027415960.2,1,0.7422147,4
XM_027423462.2,1,0.5767633,4
XM_035443489.1,1,0.23266825,4
XM_027414395.2,1,0.7368225,4
XM_027414697.2,0,0.6816232,4
XM_035447058.1,0,0.12312543,4
XM_027412290.2,0,0.20323062,4
XM_027423604.2,1,0.36211333,4
XM_027414259.2,1,0.88030106,4
XM_027414615.2,1,0.83009416,4
XM_027414126.2,0,0.23880632,4
XM_027412062.2,0,0.21967103,4
XM_027414125.2,0,0.20709632,4
XM_027414463.2,1,0.7966672,4
XM_027420976.2,0,0.3087751,4
XM_027411854.2,0,0.13753675,4
XM_035444236.1,0,0.43265998,4
XM_027421192.1,0,0.09460159,4
XM_027415087.2,1,0.8395163,4
XM_035446822.1,0,0.12882467,4
XM_035446564.1,1,0.24446058,4
XM_027414089.2,0,0.28150514,4
XM_035446565.1,0,0.16115308,4
XM_035446605.1,0,0.2011634,4
XM_027411464.2,1,0.7977246,4
XM_035444118.1,1,0.095384635,4
XM_027415941.2,0,0.5303644,4
XM_035443582.1,1,0.32949603,4
XM_027420185.2,0,0.3219214,4
XM_027416044.2,0,0.7154086,4
XM_035447137.1,1,0.14294332,4
XM_027413149.2,1,0.82909817,4
XM_027411445.2,1,0.6437262,4
XM_035446534.1,0,0.1890157,4
XM_035443388.1,0,0.09717553,4
XM_027415557.1,0,0.39319524,4
XM_027413853.2,1,0.6118179,4
XM_035444430.1,0,0.35130697,4
XM_035446568.1,1,0.4424896,4
XM_035443876.1,0,0.4338423,4
XM_035444230.1,1,0.18106638,4
XM_035444492.1,0,0.13336717,4
XM_035443598.1,0,0.7386411,4
XM_027413439.2,0,0.114350274,4
XM_027414401.2,1,0.3877669,4
XM_035444194.1,0,0.13658655,4
XM_035443324.1,0,0.26411432,4
XM_027415582.2,0,0.09696581,4
XM_027415629.2,0,0.43818507,4
XM_035444170.1,0,0.22572516,4
XM_035447055.1,1,0.65064174,4
XM_027422179.2,0,0.19836439,4
XM_027422196.2,1,0.79538196,4
XM_027422206.2,0,0.6099405,4
XM_035447095.1,0,0.20491487,4
XM_027423616.1,0,0.3684686,4
XM_035443812.1,0,0.15266079,4
XM_035447056.1,1,0.24663782,4
XM_035444229.1,0,0.21883821,4
XM_035447047.1,0,0.08982493,4
XM_035446386.1,1,0.5666681,4
XM_035446992.1,0,0.44600707,4
XM_027423866.2,0,0.12063971,4
XM_027415253.1,1,0.41558424,4
XM_027414842.2,1,0.41153187,4
XM_027416145.2,0,0.5632921,4
NM_001246681.1,0,0.4416566,4
XM_027423811.2,0,0.1658603,4
NM_001246823.1,1,0.36653548,4
XM_027413513.2,0,0.6365184,4
NM_001246810.2,1,0.13203992,4
XM_027422295.2,1,0.8654918,4
XM_035444505.1,0,0.25439048,4
XM_035444258.1,0,0.24392545,4
XM_027414964.2,1,0.16324955,4
XM_035446754.1,0,0.46634156,4
XM_027413353.2,0,0.25977537,4
XM_027414915.2,1,0.5465062,4
XM_035444012.1,0,0.27593118,4
XM_035447122.1,0,0.15683918,4
XM_027412894.1,1,0.59662145,4
XM_027414717.2,0,0.21233474,4
XM_035446323.1,0,0.9046479,4
XM_035447060.1,1,0.2597893,4
XM_027414444.2,1,0.7737264,4
XM_027414087.2,1,0.87356025,4
XM_027415248.2,1,0.71503496,4
XM_027411910.2,0,0.31341183,4
XM_035444162.1,1,0.43312153,4
XM_027413435.2,1,0.78546137,4
XM_035443213.1,1,0.4821573,4
XM_035444222.1,0,0.09663434,4
XM_027413271.2,0,0.17131661,4
XM_027415998.2,0,0.8889134,4
XM_027415182.2,0,0.20012818,4
XM_027415185.2,0,0.23238608,4
XM_027421366.2,1,0.63623095,4
XM_027416218.2,0,0.21255063,4
XM_027421276.2,1,0.86312604,4
XM_027411477.2,1,0.6932775,4
XM_027413106.2,1,0.6051651,4
XM_027421794.2,0,0.7595186,4
XM_027422606.2,1,0.8953295,4
XM_027419874.2,1,0.6486114,4
XM_035446081.1,0,0.58917326,4
XM_027411081.2,1,0.6356914,4
XM_027412796.2,1,0.89777416,4
XM_035443239.1,0,0.48042244,4
XM_027415369.2,1,0.69944626,4
XM_035447108.1,0,0.44379228,4
XM_035446040.1,1,0.21729322,4
XM_035446507.1,0,0.26433763,4
XM_027411146.2,0,0.18576992,4
XM_035444644.1,0,0.13437247,4
XM_027412357.2,0,0.36352316,4
XM_035444543.1,1,0.9095007,4
XM_027421552.2,1,0.90380263,4
XM_027420070.2,1,0.69211453,4
XM_027414584.2,1,0.6657415,4
XM_027423448.2,1,0.6400002,4
XM_027423325.2,0,0.16305816,4
XM_027413823.2,1,0.80978405,4
XM_027419916.2,0,0.17857315,4
XM_027412140.2,1,0.9109662,4
XM_027415899.2,1,0.4890558,4
XM_027421460.2,0,0.2529348,4
XM_027422281.1,1,0.25628886,4
XM_027422971.2,1,0.8154911,4
XM_027422873.2,1,0.6005703,4
XM_027419846.2,0,0.17484088,4
XM_027414345.2,1,0.8819063,4
XM_035444563.1,0,0.2172803,4
XM_035446239.1,1,0.8077414,4
XM_027412439.2,1,0.8633853,4
XM_027420624.2,1,0.7490963,4
XM_027413505.2,1,0.56026447,4
XM_027422158.2,1,0.53261495,4
XM_027420893.2,0,0.13007642,4
NM_001291906.1,0,0.8487663,4
XM_027413602.2,0,0.30787662,4
XM_027415012.2,0,0.2539854,4
XM_027423648.2,0,0.30357704,4
XM_027415312.2,1,0.8308624,4
XM_027423501.2,1,0.91266173,4
XM_027413182.2,0,0.22891408,4
XM_027423478.2,0,0.49489263,4
XM_035444220.1,0,0.13415356,4
XM_035446856.1,1,0.22067997,4
XM_035446732.1,0,0.12862815,4
XM_027415748.1,1,0.744121,4
XM_027423735.2,1,0.8940566,4
XM_027423433.2,1,0.6016068,4
NM_001246768.1,0,0.53786546,4
XM_027412770.2,1,0.51230013,4
XM_027415861.2,1,0.78159565,4
XM_027414068.2,1,0.7396834,4
XM_027423699.2,0,0.82432055,4
XM_027413816.2,0,0.31661436,4
XM_027411969.2,1,0.82711786,4
XM_027411321.2,1,0.66426045,4
XM_035446403.1,0,0.28973624,4
XM_027412137.2,0,0.33297026,4
XM_027414369.2,1,0.75434214,4
XM_027411461.2,1,0.7936662,4
XM_027415920.2,1,0.88012445,4
XM_035444169.1,0,0.2945118,4
XM_027420109.2,0,0.3240901,4
XM_027420889.2,1,0.36155152,4
XM_027422131.2,0,0.14611985,4
XM_027420345.2,0,0.15153143,4
XM_027420615.2,0,0.39591062,4
XM_027423857.2,0,0.3293728,4
XM_035444533.1,0,0.106333695,4
XM_027423440.2,1,0.5961019,4
XM_027414918.2,1,0.62467957,4
XM_027422955.1,1,0.23465572,4
XM_035443916.1,1,0.80570644,4
XM_027412685.2,1,0.83915466,4
XM_027411216.2,1,0.893402,4
XM_027411894.2,0,0.11101963,4
XM_035447021.1,0,0.106212,4
XM_027420106.2,0,0.16426414,4
XM_027420421.2,1,0.9108872,4
XM_027415049.2,0,0.8797963,4
XM_027423702.2,0,0.87610817,4
XM_027414003.2,1,0.73000884,4
XM_027423361.2,0,0.33202192,4
XM_027423190.2,1,0.7848537,4
XM_027422602.2,0,0.69397926,4
XM_027415005.2,1,0.88006806,4
XM_027411180.2,1,0.6868506,4
XM_027412709.2,1,0.3309307,4
XM_027414044.2,0,0.5717826,4
XM_027421033.2,0,0.24900678,4
XM_027413680.2,0,0.60230684,4
XM_027411327.2,0,0.2031208,4
XM_027423269.2,0,0.63628864,4
XM_027421331.2,1,0.9159367,4
XM_027420451.2,1,0.8981941,4
XM_035444366.1,0,0.1961728,4
XM_027416135.2,1,0.81694454,4
XM_027413912.2,1,0.4554639,4
XM_035443426.1,0,0.19222225,4
XM_035444566.1,0,0.22475399,4
XM_027420682.2,1,0.6978015,4
XM_027420595.2,1,0.7110853,4
XM_027414823.2,0,0.1767455,4
XM_027420414.2,1,0.26862878,4
XM_027411948.2,1,0.38823336,4
XM_027411285.2,0,0.5128008,4
XM_027411161.2,1,0.46516877,4
XM_027422150.2,1,0.72351575,4
XM_027420632.2,1,0.37181973,4
XM_027412354.2,1,0.725338,4
XM_027415519.2,1,0.9121524,4
XM_027422870.2,1,0.8065873,4
XM_027411877.2,0,0.8902347,4
XM_035444739.1,1,0.2544647,4
XM_027411133.2,0,0.12048097,4
XM_027415546.2,0,0.21380943,4
XM_035443273.1,1,0.20883858,4
XM_027412771.2,1,0.9030911,4
XM_027421614.2,1,0.8571534,4
XM_035443941.1,1,0.46424043,4
XM_035444167.1,1,0.26534796,4
XM_027423788.2,0,0.32042494,4
XM_027423181.2,1,0.15386315,4
XM_035446575.1,1,0.33695066,4
XM_027411470.2,0,0.2628443,4
XM_027414627.2,1,0.7285184,4
XM_027415644.2,0,0.24669288,4
XM_027414222.2,0,0.6440361,4
XM_027415117.2,0,0.22006102,4
XM_035446509.1,0,0.14743283,4
XM_027410900.2,1,0.91950065,4
XM_027421929.2,0,0.3058049,4
XM_035446587.1,0,0.14540672,4
XM_035446961.1,0,0.11889496,4
NM_001246808.1,1,0.14779268,4
XM_035443606.1,1,0.6777597,4
XM_035444574.1,0,0.121056885,4
XM_027422668.2,0,0.14096825,4
XM_027412766.2,1,0.88013935,4
XM_027421526.2,1,0.28402624,4
XM_035444675.1,0,0.20305134,4
XM_027423470.2,0,0.11277938,4
XM_027414784.2,1,0.8132985,4
XM_027421611.2,0,0.62023216,4
XM_027423346.2,0,0.44159466,4
XM_035446968.1,0,0.20111549,4
XM_035443839.1,0,0.36919102,4
XM_027411303.2,1,0.7912297,4
XM_027411308.2,0,0.48257184,4
XM_027421628.2,1,0.9093764,4
XM_027415568.2,0,0.6918509,4
XM_027411875.2,1,0.27770916,4
XM_027423449.2,1,0.17634758,4
XM_027411325.1,1,0.84644496,4
XM_027420590.2,1,0.60028887,4
XM_027414636.2,0,0.13558137,4
XM_035446809.1,0,0.15789485,4
XM_027422854.2,1,0.86557513,4
XM_027422642.2,1,0.86885756,4
XM_035444401.1,0,0.22275288,4
XM_027415795.2,0,0.5322719,4
XM_027412712.2,0,0.4055468,4
XM_027422996.2,1,0.6687426,4
XM_027415975.2,0,0.18171851,4
XM_027420570.2,0,0.20800073,4
XM_035443578.1,1,0.8261891,4
XM_027415479.2,1,0.91004086,4
XM_035446795.1,0,0.31717938,4
XM_027415922.2,1,0.661432,4
XM_035443404.1,0,0.47553164,4
NM_001246819.1,0,0.1361614,4
XM_027421252.2,1,0.81426173,4
XM_027415504.2,1,0.2905046,4
XM_035446699.1,1,0.30716026,4
XM_035443747.1,0,0.11076015,4
XM_027411366.2,1,0.8975208,4
XM_035447156.1,0,0.14789887,4
XM_035443912.1,1,0.7259425,4
XM_035444619.1,0,0.19628714,4
XM_027420990.2,0,0.09934027,4
XM_027411552.1,1,0.67551893,4
XM_027414456.2,1,0.7580544,4
XM_027416188.2,0,0.6657438,4
XM_027413858.2,0,0.34575903,4
XM_027413368.2,0,0.113960266,4
XM_035444151.1,0,0.11767794,4
XM_027422929.2,1,0.5795759,4
XM_035443558.1,0,0.101556204,4
XM_027422089.2,1,0.30266252,4
XM_027421844.2,1,0.9074196,4
XM_027412587.2,0,0.11458065,4
XM_035446613.1,0,0.28760448,4
XM_027423476.2,1,0.8480548,4
NM_001244034.1,1,0.9005179,4
XM_027414334.2,1,0.9118767,4
XM_027422840.2,1,0.75218594,4
XM_027423505.2,0,0.15074089,4
XM_027421398.2,0,0.8293797,4
XM_035444668.1,0,0.13259259,4
XM_027419995.2,1,0.25851595,4
XM_035444676.1,1,0.16325204,4
XM_027413000.2,1,0.8014634,4
XM_027422893.2,1,0.54273176,4
XM_027415798.2,1,0.6425339,4
XM_027411975.2,0,0.1961074,4
XM_027414626.2,0,0.1703784,4
XM_027416230.2,0,0.6387779,4
XM_027412502.2,1,0.88189757,4
XM_035443871.1,1,0.5413607,4
XM_027421372.2,1,0.7771171,4
XM_027415154.2,1,0.46770683,4
XM_027423110.2,1,0.40982366,4
XM_035446002.1,1,0.41299576,4
XM_027419854.2,0,0.13153623,4
NM_001244098.1,0,0.5561646,4
XM_027422148.2,1,0.8561329,4
XM_027410938.2,1,0.89933884,4
XM_027422923.2,1,0.8911822,4
XM_027415114.1,1,0.8150025,4
XM_035443735.1,0,0.7075413,4
XM_027420475.1,1,0.66800606,4
XM_027414958.2,0,0.8465121,4
XM_027415433.2,0,0.17627229,4
XM_027413985.2,1,0.86427337,4
XM_027416164.2,1,0.78769785,4
XM_035446973.1,0,0.5346445,4
XM_027423030.2,1,0.89697546,4
XM_027415057.2,1,0.59711087,4
XM_027414385.2,1,0.8983068,4
XM_035446869.1,0,0.8922129,4
XM_035443263.1,1,0.8858012,4
XM_035446885.1,0,0.25220937,4
XM_027415396.2,0,0.28373832,4
XM_027422677.2,1,0.8942281,4
XM_027413481.2,0,0.576114,4
XM_027422175.2,1,0.71608186,4
XM_027421424.2,1,0.8441212,4
XM_027422260.2,1,0.91461486,4
XM_035446001.1,1,0.28867447,4
XM_035447882.1,0,0.68272907,5
XM_027417935.2,0,0.10750287,5
XM_035448351.1,0,0.6955437,5
XM_027416969.2,0,0.16659231,5
XM_027418397.2,1,0.6955239,5
XM_027418418.2,0,0.19792284,5
XM_027418630.2,1,0.673141,5
XM_035447628.1,0,0.29819492,5
XM_027417552.2,1,0.77573985,5
XM_027425530.2,1,0.45024782,5
XM_035445579.1,0,0.35415214,5
XM_035445297.1,1,0.7981691,5
XM_035447362.1,0,0.2480622,5
XM_027424412.2,0,0.18921483,5
XM_035448273.1,0,0.17512715,5
XM_027416803.2,1,0.42854172,5
XM_027425396.2,0,0.66804713,5
XM_027425399.2,1,0.28059128,5
XM_027418696.2,1,0.46450236,5
XM_035445655.1,0,0.3113968,5
XM_027419747.2,1,0.62965953,5
XM_027424337.2,1,0.8779636,5
XM_035445821.1,0,0.21887766,5
XM_027428058.2,0,0.2532659,5
XM_035445050.1,1,0.36612564,5
XM_027419031.2,1,0.40442413,5
XM_027426391.2,1,0.8919249,5
XM_027418372.2,0,0.14534721,5
XM_027428043.2,0,0.66415274,5
XM_027425400.2,1,0.80686814,5
XM_027417531.2,1,0.8103415,5
XM_027424693.2,1,0.86971694,5
XM_027416728.2,0,0.37047875,5
XM_027418173.2,1,0.52755874,5
XM_027418952.2,0,0.170589,5
XM_027417156.2,0,0.12168252,5
XM_027424235.2,0,0.19042057,5
XM_027425995.2,0,0.58574224,5
XM_027418354.2,1,0.7795185,5
XM_027418106.2,0,0.0985944,5
XM_035447880.1,1,0.5709197,5
XM_027425832.2,0,0.78917015,5
XM_035447833.1,1,0.21118346,5
XM_027427242.2,0,0.42924538,5
XM_027424426.2,1,0.7485212,5
XM_027416733.2,1,0.8508622,5
XM_027425039.2,0,0.49122,5
XM_027425869.2,0,0.28024104,5
XM_027419706.2,1,0.896693,5
XM_027416988.2,1,0.89378446,5
XM_035445953.1,0,0.23857082,5
XM_027419061.2,0,0.18098573,5
XM_035445914.1,0,0.17161398,5
XM_027424865.2,1,0.6622139,5
XM_027417417.2,0,0.33895782,5
XM_027426373.2,1,0.87428063,5
XM_027419456.2,0,0.60754865,5
XM_027416673.2,1,0.8310257,5
XM_027417571.2,0,0.26394904,5
XM_027416490.2,0,0.73995656,5
XM_027424037.2,0,0.1916694,5
XM_027426456.2,0,0.33447713,5
XM_027426108.1,0,0.11535605,5
XM_035447311.1,0,0.1653964,5
XM_027425912.2,0,0.60097796,5
XM_027416553.2,0,0.46244052,5
XM_035448140.1,0,0.121961765,5
XM_027424057.2,0,0.18298948,5
XM_027417955.2,1,0.8543244,5
XM_035445361.1,1,0.76499623,5
XM_027418792.2,0,0.22434597,5
XM_035447234.1,1,0.15029082,5
XM_035447370.1,1,0.73134804,5
XM_035445665.1,1,0.11214998,5
XM_027427464.2,0,0.63249665,5
XM_027426450.2,0,0.14511533,5
XM_035445458.1,1,0.6145432,5
XM_027428107.2,1,0.493102,5
XM_035445341.1,1,0.11245888,5
XM_035448064.1,0,0.19959198,5
XM_027427876.2,1,0.8910966,5
XM_027424051.2,1,0.8828143,5
XM_027417248.2,0,0.47366643,5
XM_027416647.2,1,0.86261845,5
XM_027425073.2,1,0.26338366,5
XM_027424524.2,0,0.16624802,5
XM_035447947.1,0,0.2988033,5
XM_027425271.2,1,0.88680345,5
XM_027426784.2,1,0.28894585,5
XM_027418807.2,0,0.10238833,5
XM_027427429.2,1,0.823304,5
XM_035447292.1,0,0.39500132,5
XM_035445589.1,0,0.16392477,5
XM_035448111.1,0,0.21009812,5
XM_027416579.2,1,0.3060557,5
XM_035445455.1,0,0.5644636,5
XM_027417126.2,1,0.60197324,5
XM_027416681.2,0,0.46325088,5
XM_027417981.2,1,0.14557604,5
XM_027419745.2,0,0.8011011,5
XM_035447614.1,0,0.20314658,5
XM_027427067.1,1,0.65288585,5
XM_027426930.2,1,0.5357463,5
XM_035447983.1,0,0.647984,5
XM_027425523.2,1,0.31773096,5
XM_027418215.2,0,0.33394352,5
XM_027419275.2,1,0.5047187,5
XM_027417242.2,1,0.7919119,5
XM_027417792.2,0,0.38202822,5
XM_035447235.1,0,0.23932134,5
XM_035445018.1,1,0.6264521,5
XM_027417479.2,0,0.87153786,5
XM_035447966.1,1,0.83630306,5
XM_035445583.1,0,0.22936012,5
XM_027426873.2,1,0.85557115,5
XM_035447363.1,0,0.1577425,5
XM_027428143.2,0,0.48591763,5
XM_027417360.2,1,0.81992406,5
XM_027424285.2,1,0.40685388,5
XM_027424553.2,1,0.85563755,5
XM_027426717.2,0,0.19282117,5
XM_027418438.2,0,0.43219787,5
XM_027417146.2,0,0.22823834,5
XM_027427293.2,1,0.26608518,5
XM_027416523.2,1,0.8744585,5
XM_027425352.2,1,0.7437991,5
XM_027416812.2,1,0.63992345,5
XM_027425190.2,0,0.5083646,5
XM_027418759.2,1,0.46843204,5
XM_027426961.2,1,0.27690595,5
XM_027426299.2,1,0.783161,5
XM_027416320.2,1,0.73373234,5
XM_027418863.2,0,0.7705866,5
XM_027426684.2,0,0.30911952,5
XM_027424837.2,0,0.15737954,5
XM_035448236.1,0,0.40881956,5
XM_027427999.2,1,0.7669879,5
XM_027426103.2,1,0.68715507,5
XM_027418538.2,1,0.37998974,5
XM_027424463.2,1,0.77809435,5
XM_027427018.2,0,0.6811716,5
XM_035445346.1,0,0.62114686,5
XM_035445570.1,0,0.34762952,5
XM_027424499.2,1,0.47970307,5
XM_027418501.2,1,0.8723987,5
XM_027418823.2,0,0.24573296,5
XM_027425906.2,0,0.20385323,5
XM_027418571.2,0,0.30259937,5
XM_027425608.2,0,0.6074784,5
XM_027418979.2,0,0.16027771,5
XM_027417161.2,0,0.24016835,5
XM_027425420.2,1,0.8249468,5
XM_027425729.2,0,0.17871827,5
XM_027424983.2,0,0.29725477,5
XM_035448146.1,1,0.14630973,5
XM_035445795.1,0,0.6083391,5
XM_027424573.2,0,0.48578066,5
XM_035447566.1,1,0.28522173,5
XM_027417234.2,0,0.0866594,5
XM_027425335.2,1,0.7926387,5
XM_027419134.2,0,0.10448742,5
XM_035445344.1,0,0.09917843,5
XM_027426063.2,1,0.8697113,5
XM_035448107.1,0,0.20587975,5
XM_027424873.2,1,0.8479363,5
XM_035445597.1,0,0.116755396,5
XM_035445682.1,0,0.2653632,5
XM_035445595.1,0,0.19371817,5
XM_027425311.2,1,0.36750218,5
XM_027425312.2,1,0.7632275,5
XM_027426481.2,0,0.1422396,5
XM_035447961.1,0,0.5327482,5
XM_035445735.1,0,0.11773724,5
XM_027419452.2,1,0.35545817,5
XM_027427821.2,1,0.7858745,5
XM_027427993.2,1,0.58445,5
XM_027416293.2,1,0.8841252,5
XM_027426458.2,0,0.14548774,5
XM_027427545.2,0,0.51298046,5
XM_027426706.2,1,0.8488426,5
XM_027424970.2,1,0.75571835,5
XM_027424087.2,1,0.2205166,5
XM_027426920.2,1,0.14686164,5
XM_027424254.2,0,0.4148053,5
XM_027419161.2,1,0.8761813,5
XM_027417187.2,1,0.7077009,5
XM_027426056.2,1,0.8046299,5
XM_027424435.2,1,0.6829829,5
XM_027416789.2,1,0.4123415,5
XM_027418221.2,0,0.27812314,5
XM_027417527.2,0,0.19896322,5
XM_027417774.2,0,0.29567277,5
XM_035444883.1,0,0.11056096,5
XM_027424773.2,1,0.187257,5
XM_035447406.1,0,0.3884575,5
XM_027428169.2,0,0.6469933,5
XM_027416995.2,1,0.88176113,5
NM_001246781.1,1,0.1968331,5
XM_027416889.2,1,0.844887,5
XM_027428029.2,0,0.5639457,5
XM_027425409.2,1,0.73900694,5
XM_027416362.2,0,0.56476724,5
XM_035445258.1,1,0.21477897,5
XM_027427479.2,0,0.70791006,5
XM_035447571.1,1,0.85874164,5
XM_027424226.2,1,0.4919685,5
XM_027424975.2,0,0.5862964,5
XM_027417078.2,0,0.77189845,5
XM_035448155.1,1,0.35155833,5
XM_035448029.1,0,0.20798796,5
XM_027424706.2,0,0.30455193,5
XM_027424106.2,1,0.51620144,5
XM_035445829.1,0,0.24975693,5
XM_027417677.2,1,0.7008728,5
XM_027426215.2,0,0.17338651,5
XM_035445560.1,0,0.33031029,5
NM_001244078.1,1,0.79893315,5
XM_027418659.2,1,0.2089785,5
XM_027424699.2,1,0.6329855,5
XM_035448172.1,0,0.14527203,5
XM_027427344.2,1,0.5076751,5
XM_027419311.2,0,0.39726618,5
XM_035447798.1,0,0.19232105,5
XM_027418723.2,1,0.87051725,5
XM_027417488.2,0,0.85521734,5
XM_035445669.1,0,0.17829219,5
XM_027418114.2,1,0.26705804,5
XM_035448288.1,0,0.29700068,5
XM_027417550.2,1,0.86313534,5
XM_027417241.2,1,0.7923797,5
XM_027418897.2,0,0.1924824,5
XM_027424175.2,1,0.86802053,5
XM_027418222.2,1,0.8179241,5
XM_035447189.1,0,0.10487454,5
XM_027418917.2,0,0.1990699,5
XM_035447657.1,0,0.1973007,5
XM_035445769.1,1,0.2844543,5
XM_027427749.2,0,0.092622474,5
XM_027419065.2,0,0.088223964,5
XM_027417285.2,1,0.63510674,5
XM_027418470.2,0,0.26559561,5
XM_027418919.2,0,0.18865992,5
XM_027418420.2,0,0.27198747,5
XM_027418125.2,1,0.15674315,5
XM_027424125.2,0,0.8096347,5
XM_027428173.2,0,0.29631925,5
XM_027426211.2,1,0.09833556,5
XM_035447595.1,1,0.70299256,5
XM_027417875.2,1,0.2650114,5
XM_027418334.2,1,0.8773692,5
XM_027426501.2,0,0.13609084,5
XM_027426502.2,0,0.13048165,5
XM_027424831.2,0,0.19118106,5
XM_035445110.1,0,0.26232785,5
XM_035445174.1,1,0.42911184,5
XM_035445844.1,0,0.10251299,5
XM_027427419.2,0,0.3438463,5
XM_035445173.1,0,0.21600989,5
XM_027428208.2,0,0.8331258,5
XM_027427594.2,0,0.23165412,5
XM_027427677.2,0,0.6601979,5
XM_035448082.1,0,0.10979029,5
XM_027427676.2,0,0.30031034,5
XM_035447865.1,0,0.61751854,5
XM_027424925.2,1,0.44750437,5
XM_027425356.2,1,0.29528388,5
XM_035448180.1,0,0.119398035,5
XM_027417062.1,1,0.8325483,5
XM_035448337.1,0,0.10580264,5
XM_035445668.1,0,0.7788092,5
XM_035447357.1,0,0.09478701,5
XM_035445586.1,1,0.21924865,5
XM_035448091.1,0,0.106743835,5
XM_027419534.2,1,0.20472355,5
XM_027416838.2,1,0.6466353,5
XM_027418857.2,0,0.26197708,5
XM_035445809.1,0,0.0940142,5
XM_035444841.1,0,0.17635211,5
XM_035447572.1,1,0.0900731,5
XM_027418226.2,0,0.31005967,5
XM_035445880.1,0,0.16510414,5
XM_027419773.2,0,0.1818549,5
XM_035448088.1,0,0.16459982,5
XM_027418141.2,0,0.2913464,5
XM_027418706.2,1,0.33575428,5
XM_035448151.1,1,0.16144876,5
XM_027416319.2,1,0.66354764,5
XM_035445851.1,0,0.27079085,5
XM_035444921.1,1,0.63059837,5
XM_027416972.1,0,0.12513635,5
XM_027418071.2,0,0.16003305,5
XM_027418176.2,1,0.55769044,5
XM_027418862.2,0,0.61598325,5
XM_035447584.1,0,0.34176415,5
XM_027425445.2,1,0.2825412,5
XM_027427165.2,0,0.46325365,5
XM_027427315.2,0,0.43689406,5
XM_027427325.2,0,0.3271382,5
XM_027427701.2,1,0.23040439,5
XM_035444844.1,0,0.13975874,5
XM_035445855.1,0,0.14606497,5
XM_035445861.1,0,0.14247005,5
XM_035447599.1,0,0.08537881,5
XM_035447610.1,0,0.706722,5
XM_035447898.1,0,0.2049005,5
XM_035448149.1,0,0.0937297,5
XM_035448261.1,0,0.21825649,5
XM_035448340.1,0,0.41018188,5
XM_027417503.2,0,0.58328223,5
XM_027417363.2,0,0.15257183,5
XM_027417582.2,0,0.49069887,5
XM_027423954.2,0,0.092154644,5
XM_027416875.2,0,0.21775082,5
XM_027425357.2,1,0.70551777,5
XM_027424186.2,0,0.30809495,5
XM_027419714.2,0,0.10375028,5
XM_035445872.1,1,0.13373707,5
XM_027425275.2,1,0.766569,5
XM_027425143.2,1,0.8705294,5
XM_027419464.2,0,0.27805912,5
XM_035445294.1,1,0.8105178,5
XM_027418172.2,1,0.86824614,5
XM_035447900.1,1,0.8159296,5
XM_027427657.2,1,0.61738384,5
XM_027424701.2,0,0.8975945,5
XM_027425289.2,0,0.8081348,5
XM_027427316.2,1,0.46069685,5
XM_027427706.2,0,0.3208554,5
XM_027425303.2,1,0.675565,5
XM_027417176.2,1,0.4086507,5
XM_027418770.2,1,0.85972285,5
XM_027416512.2,1,0.883519,5
XM_027424921.1,0,0.36338723,5
XM_027426274.2,1,0.8400948,5
XM_027418238.2,1,0.603009,5
XM_027424477.2,1,0.27580503,5
XM_027419032.2,1,0.30014044,5
XM_027427860.2,0,0.16015296,5
XM_027425128.2,1,0.61431885,5
XM_027425643.2,1,0.7328486,5
XM_027419264.2,0,0.37124094,5
XM_027425716.2,0,0.39060917,5
XM_027424116.2,1,0.8432064,5
XM_027425070.2,0,0.25509453,5
XM_027424974.2,0,0.38152713,5
XM_027417561.2,0,0.18084516,5
XM_035447774.1,0,0.31554085,5
XM_027427596.2,1,0.79600334,5
XM_027417008.2,1,0.87294424,5
XM_027417373.2,0,0.13092136,5
XM_027418961.2,1,0.5064153,5
XM_027418030.2,0,0.46829957,5
XM_027426051.2,1,0.81023574,5
XM_035445479.1,1,0.51500946,5
XM_027419690.2,0,0.5714471,5
XM_027427602.2,1,0.54562294,5
XM_027428151.2,1,0.7917152,5
XM_035448303.1,0,0.2206206,5
XM_027427333.2,0,0.33539042,5
XM_027425012.2,0,0.75843865,5
XM_027417365.2,1,0.121482335,5
XM_035447753.1,0,0.16050343,5
XM_027417469.2,0,0.20254804,5
XM_035445653.1,0,0.44921574,5
XM_027419100.2,1,0.70649683,5
XM_027418690.2,1,0.77768487,5
XM_027424629.2,0,0.103061475,5
XM_027424961.2,1,0.54735297,5
XM_027417654.2,1,0.8960567,5
XM_027423978.2,1,0.53571725,5
XM_027417088.2,1,0.7981178,5
XM_027426879.2,1,0.8105539,5
NM_001305117.1,0,0.38039476,5
XM_027417574.2,0,0.17949599,5
XM_027424129.2,1,0.33361542,5
XM_027424880.2,1,0.49624413,5
XM_027424075.2,1,0.6003781,5
XM_027425387.1,0,0.27387053,5
XM_027418103.2,0,0.1236169,5
XM_027424676.2,1,0.8362248,5
XM_027427519.2,0,0.12340198,5
NM_001244851.1,1,0.55514085,5
XM_027419006.2,1,0.6339765,5
XM_035447913.1,0,0.7057626,5
XM_027418537.2,1,0.08747342,5
XM_035445771.1,0,0.2661459,5
XM_027426616.2,1,0.8073496,5
XM_027427603.2,1,0.2627339,5
XM_027418945.2,1,0.68666357,5
XM_035447950.1,0,0.48798865,5
XM_027424071.2,1,0.5362781,5
XM_027424423.2,0,0.20375828,5
XM_035445347.1,0,0.12838435,5
XM_027419313.2,1,0.5103524,5
XM_027428046.2,1,0.8105806,5
XM_027419657.2,1,0.8871009,5
XM_027418147.1,1,0.8366523,5
NM_001244002.2,1,0.7708304,5
XM_027418235.2,1,0.42043832,5
XM_027426390.2,1,0.8290606,5
XM_027424464.2,1,0.8655203,5
XM_027417535.2,1,0.84929067,5
XM_027418002.2,1,0.8646662,5
XM_027425402.2,1,0.31807888,5
XM_035445841.1,0,0.11976863,5
XM_027417573.2,0,0.1694644,5
XM_027425588.2,1,0.7903196,5
XM_027426346.2,1,0.77531207,5
XM_027416816.2,1,0.271989,5
XM_027424396.2,0,0.089497626,5
XM_027419691.1,0,0.2854988,5
XM_027424078.2,0,0.20499755,5
XM_027426919.2,0,0.17651418,5
XM_027428081.2,1,0.6245341,5
XM_027418489.2,1,0.7519213,5
XM_027424559.2,0,0.43202978,5
XM_027425031.2,0,0.18267925,5
XM_027418830.2,1,0.5789401,5
XM_027426531.2,0,0.21819085,5
XM_027417656.2,1,0.22869277,5
XM_027417662.2,0,0.28768307,5
XM_027425363.2,1,0.4468966,5
XM_027416821.2,1,0.8206671,5
XM_027424430.2,0,0.1912538,5
XM_027416535.2,1,0.8188026,5
XM_027418373.2,0,0.16668378,5
XM_035445588.1,1,0.85483015,5
XM_027426715.2,1,0.6896481,5
XM_035448183.1,1,0.5825556,5
XM_035445940.1,0,0.09559262,5
XM_027417355.2,1,0.56698936,5
XM_035445811.1,0,0.113787085,5
XM_035445272.1,0,0.2716394,5
XM_027417350.2,0,0.26420414,5
XM_027425158.2,1,0.7818154,5
XM_027424609.2,0,0.72544056,5
XM_027418255.2,1,0.3994949,5
XM_027424791.2,1,0.5488511,5
NM_001285919.1,1,0.15574114,5
XM_027419453.2,1,0.75159,5
XM_035447474.1,1,0.18336141,5
XM_027424913.2,1,0.40543714,5
XM_027426881.2,1,0.4852482,5
XM_027427081.2,1,0.7462616,5
XM_027425761.2,1,0.68414927,5
XM_035448094.1,1,0.21089898,5
XM_027425931.2,1,0.66160554,5
XM_035444931.1,0,0.18397865,5
XM_035448156.1,0,0.14638227,5
XM_027416834.2,1,0.7305305,5
XM_035445087.1,1,0.81330127,5
XM_027425661.2,1,0.36598197,5
XM_027426740.2,0,0.1882506,5
NM_001244042.1,1,0.15998185,5
XM_027418832.2,1,0.80785114,5
XM_035445816.1,0,0.08206678,5
XM_035445815.1,0,0.10934989,5
XM_027427017.2,1,0.81564873,5
XM_035445549.1,0,0.16800874,5
XM_027426748.2,1,0.32680205,5
XM_035448314.1,0,0.27559268,5
XM_035448131.1,0,0.12545268,5
XM_035447205.1,0,0.6160865,5
XM_027419286.2,1,0.81809866,5
XM_027417521.2,0,0.35550854,5
XM_027426343.2,0,0.6823472,5
XM_035448147.1,1,0.19400884,5
XM_035445175.1,0,0.099164955,5
XM_027426950.1,0,0.60257304,5
XM_035448039.1,0,0.19265358,5
XM_027417160.1,1,0.8423954,5
XM_027426906.2,1,0.7879602,5
XM_027416383.2,0,0.303397,5
XM_027427074.2,1,0.57726043,5
XM_035445882.1,0,0.21887252,5
XM_035445660.1,0,0.21144004,5
XM_035447904.1,0,0.25414243,5
XM_027417954.2,0,0.25452548,5
XM_027426737.2,0,0.38952726,5
XM_035448185.1,0,0.17315829,5
XM_035445532.1,0,0.12510066,5
XM_027424960.2,1,0.51500314,5
XM_027418628.2,0,0.21893531,5
XM_027425244.2,1,0.74733925,5
XM_027418249.2,1,0.72293293,5
XM_027419712.2,1,0.8481607,5
XM_027425526.2,1,0.6253296,5
XM_027426591.2,1,0.7846648,5
XM_027426898.2,0,0.489931,5
XM_027426088.2,1,0.88720727,5
XM_027427003.2,1,0.3653568,5
XM_027426825.2,0,0.7080575,5
XM_027427648.2,1,0.4037627,5
XM_027426100.2,0,0.10644206,5
XM_027425607.1,1,0.43580624,5
XM_027426298.2,1,0.7841367,5
XM_027419394.2,1,0.30037424,5
XM_035445813.1,0,0.14249712,5
XM_035445261.1,1,0.8782838,5
XM_027418691.2,0,0.81448287,5
XM_027426802.2,0,0.7210571,5
XM_027425304.2,1,0.85021174,5
XM_027426389.2,1,0.7765547,5
XM_035448051.1,0,0.13662888,5
XM_035444892.1,0,0.4214175,5
XM_027424150.2,0,0.26828495,5
XM_027419340.2,1,0.39263844,5
XM_027427562.2,1,0.786153,5
XM_027416694.2,1,0.20986433,5
XM_027416683.2,1,0.8434219,5
XM_027426525.2,1,0.4716886,5
XM_027419198.2,1,0.351647,5
XM_027419213.2,1,0.54986316,5
XM_027426110.2,0,0.30357343,5
XM_027427127.2,1,0.73191816,5
XM_027427001.2,1,0.34960055,5
XM_027417493.2,1,0.6627458,5
XM_035447945.1,0,0.16845143,5
XM_027418197.2,1,0.868221,5
XM_035445838.1,0,0.097725295,5
XM_027416791.2,0,0.15646015,5
XM_027417237.2,0,0.20474827,5
XM_027416792.2,1,0.45735002,5
XM_035448331.1,0,0.09365338,5
XM_027426267.2,0,0.17707884,5
XM_027419026.2,1,0.75772375,5
NM_001243976.1,0,0.48728934,5
XM_035448034.1,0,0.13221562,5
XM_035445773.1,1,0.28197622,5
XM_027427044.2,0,0.62558347,5
XM_027424715.2,1,0.61294115,5
XM_027427160.2,0,0.34101564,5
XM_027425640.2,1,0.35333988,5
XM_027427168.2,1,0.5295428,5
XM_027425680.2,1,0.6110352,5
XM_027428145.2,0,0.2970056,5
XM_027424627.2,0,0.6297293,5
XM_035448208.1,0,0.6055509,5
NM_001281883.1,1,0.8437798,5
XM_027417542.2,1,0.41021574,5
XM_027424236.1,1,0.46163023,5
XM_027424592.2,1,0.7513613,5
XM_027416894.2,1,0.7333625,5
XM_027417424.2,0,0.88292104,5
XM_027417066.2,1,0.8806954,5
XM_027427228.2,1,0.66172254,5
XM_027426579.2,1,0.5240592,5
XM_027425647.2,0,0.6008991,5
XM_035448004.1,0,0.13214582,5
XM_027418980.2,1,0.82898086,5
XM_027419008.2,1,0.81086254,5
XM_027425324.2,0,0.14132544,5
XM_027417213.2,1,0.8439324,5
XM_027416780.2,0,0.1444281,5
XM_027426707.2,1,0.680382,5
XM_027418374.2,1,0.8512831,5
XM_027426569.2,0,0.1936915,5
XM_027419439.2,1,0.46904504,5
XM_027418895.2,1,0.28064898,5
XM_035448158.1,0,0.12412339,5
XM_027426831.2,1,0.2713135,5
XM_035448124.1,0,0.36271027,5
XM_027419557.1,0,0.22270927,5
XM_035445051.1,1,0.78651273,5
XM_027424467.2,1,0.66820663,5
XM_027427373.2,1,0.77129817,5
XM_035448363.1,0,0.08692646,5
XM_027424859.2,0,0.13969302,5
