TranscriptID,fold,Label,predicted_probability,predicted_label
XM_027391677.2,1,0,0.30188876,0
NM_001243987.1,1,0,0.26183492,0
XM_027388575.2,1,1,0.78738153,1
XM_027390668.2,1,0,0.67814326,1
XM_027388533.2,1,1,0.63927317,1
XM_035453121.1,1,0,0.2054012,0
XM_027392007.2,1,0,0.7703655,1
XM_027389598.2,1,1,0.69450533,1
XM_035453196.1,1,0,0.21185169,0
XM_035450988.1,1,1,0.8585035,1
XM_035453099.1,1,0,0.2790762,0
XM_027387384.1,1,0,0.1995587,0
XM_027395804.2,1,0,0.49260548,0
XM_035450335.1,1,0,0.26538697,0
XM_027388370.2,1,0,0.3387973,0
NM_001244267.1,1,1,0.7274416,1
NM_001246751.1,1,0,0.33598346,0
XM_027394982.2,1,0,0.735441,1
XM_027394814.2,1,1,0.49185553,0
XM_027386861.2,1,0,0.25544494,0
XM_027393703.2,1,1,0.47451687,0
XM_027386863.2,1,0,0.59043163,1
XM_035452287.1,1,0,0.13119955,0
XM_027393611.2,1,0,0.68248886,1
NM_001244411.1,1,0,0.6695804,1
XM_027392514.2,1,1,0.87691206,1
XM_035453442.1,1,1,0.2460246,0
XM_027389475.2,1,1,0.4455741,0
XM_027392223.2,1,0,0.47953165,0
XM_027392243.2,1,0,0.8303667,1
XM_027386880.2,1,1,0.26542684,0
XM_027390385.2,1,0,0.2872668,0
XM_027391627.2,1,0,0.39919686,0
XM_027390951.2,1,1,0.35328102,0
XM_035452365.1,1,1,0.21995658,0
XM_027387336.2,1,1,0.67939055,1
XM_027388604.2,1,1,0.76992387,1
XM_035450920.1,1,1,0.60649604,1
XM_035451804.1,1,0,0.3348303,0
XM_027388965.2,1,0,0.50884366,1
XM_027394816.2,1,1,0.69170135,1
XM_027391963.2,1,1,0.90305364,1
XM_027387995.2,1,0,0.34273425,0
XM_027389855.2,1,1,0.3498021,0
XM_027392121.2,1,0,0.41242552,0
XM_027393687.2,1,1,0.36670962,0
XM_035452085.1,1,0,0.8768409,1
XM_027388723.2,1,1,0.68929774,1
XM_027392543.2,1,1,0.5550995,1
XM_027387484.2,1,1,0.4930241,0
XM_027388785.2,1,0,0.32478273,0
XM_027389330.2,1,0,0.13696086,0
XM_027395909.2,1,1,0.6016105,1
XM_035451714.1,1,0,0.61914515,1
XM_027393589.2,1,1,0.61480826,1
XM_027394260.2,1,0,0.23818693,0
XM_027386740.2,1,0,0.7677892,1
XM_027388225.2,1,0,0.13972272,0
XM_035452475.1,1,0,0.23407657,0
XM_027389159.2,1,0,0.35480317,0
XM_027390231.2,1,0,0.5819428,1
XM_035451074.1,1,0,0.3015108,0
XM_035452903.1,1,0,0.37417158,0
XM_027389523.2,1,1,0.74219215,1
XM_027389857.2,1,1,0.76505125,1
XM_027395707.2,1,0,0.70797884,1
XM_035451157.1,1,1,0.34567475,0
XM_027394072.2,1,1,0.54446745,1
XM_027387010.2,1,1,0.64545286,1
XM_035453001.1,1,1,0.29483315,0
XM_035452834.1,1,1,0.661929,1
XM_027394417.2,1,1,0.6676389,1
XM_035453384.1,1,0,0.20330828,0
XM_027386944.2,1,0,0.34188673,0
XM_027395906.2,1,1,0.4765754,0
XM_027388442.2,1,1,0.89009106,1
XM_035450639.1,1,1,0.9050294,1
XM_027390423.2,1,0,0.87972194,1
XM_027395582.2,1,0,0.81898636,1
XM_027387792.2,1,1,0.75165445,1
XM_027390265.2,1,1,0.8439361,1
NM_001244027.1,1,1,0.33918712,0
XM_027394449.2,1,0,0.50530034,1
XM_027388525.2,1,1,0.8770745,1
XM_027390977.2,1,1,0.8341801,1
XM_035453289.1,1,0,0.2901466,0
XM_027391575.2,1,1,0.8383629,1
XM_035451679.1,1,0,0.6161504,1
XM_027387725.2,1,0,0.71227366,1
XM_027387544.2,1,1,0.40865868,0
XM_027390244.2,1,1,0.85354847,1
XM_027392566.2,1,0,0.6531519,1
XM_035452921.1,1,0,0.7025915,1
XM_027393353.2,1,1,0.8835375,1
XM_027395409.1,1,0,0.18098944,0
XM_027395258.2,1,0,0.80097395,1
XM_027386715.2,1,1,0.29333436,0
XM_035452628.1,1,0,0.2948392,0
XM_027395621.2,1,1,0.7907318,1
XM_027391215.2,1,1,0.63580644,1
XM_035453021.1,1,1,0.1820393,0
XM_035451016.1,1,0,0.20160809,0
XM_035451960.1,1,0,0.27367347,0
XM_027387877.1,1,0,0.5196151,1
XM_027391402.2,1,0,0.28412282,0
XM_027391401.2,1,0,0.28624836,0
XM_035450620.1,1,1,0.25944737,0
XM_027394445.2,1,0,0.19526917,0
XM_027391464.2,1,0,0.8670349,1
XM_035452015.1,1,0,0.33147305,0
XM_035450373.1,1,1,0.30285498,0
XM_027392492.2,1,1,0.85324764,1
XM_027394367.2,1,0,0.27835754,0
XM_027389182.2,1,1,0.91283315,1
XM_035453237.1,1,0,0.19203585,0
NM_001244044.1,1,0,0.16407692,0
XM_027388425.2,1,0,0.16467081,0
NM_001246771.1,1,1,0.7318153,1
XM_027390573.2,1,1,0.7975205,1
XM_027386694.2,1,0,0.07871431,0
XM_027393256.2,1,1,0.1723833,0
XM_027392233.2,1,1,0.8655156,1
XM_035451779.1,1,0,0.42371526,0
XM_035452886.1,1,0,0.31708694,0
XM_027394674.2,1,1,0.6681544,1
XM_027388244.2,1,1,0.8183957,1
XM_035450488.1,1,1,0.60811067,1
XM_027390361.2,1,0,0.20336063,0
XM_027386966.2,1,1,0.72338146,1
XM_027386546.2,1,1,0.7517377,1
XM_035451614.1,1,0,0.28551033,0
XM_027393923.2,1,1,0.8510753,1
XM_035453019.1,1,0,0.1649249,0
XM_027390168.2,1,0,0.39345852,0
XM_027387492.2,1,0,0.26459423,0
XM_035451083.1,1,1,0.29889977,0
XM_027386724.2,1,0,0.64060533,1
XM_027392088.2,1,1,0.90791714,1
XM_027388340.2,1,0,0.28517088,0
XM_027390465.2,1,0,0.7860847,1
XM_027390595.2,1,1,0.66765326,1
XM_027391655.2,1,1,0.7888647,1
XM_027387255.2,1,1,0.9011132,1
XM_027390311.2,1,1,0.84460753,1
XM_035452089.1,1,1,0.30791038,0
XM_027395690.2,1,1,0.6319227,1
XM_027393638.2,1,1,0.44508633,0
XM_027388387.2,1,0,0.51395494,1
XM_027389779.2,1,0,0.32035103,0
XM_027394890.2,1,1,0.8762326,1
XM_035451528.1,1,0,0.32051793,0
XM_027388392.2,1,0,0.49208254,0
XM_035451698.1,1,0,0.19722167,0
XM_027390139.2,1,0,0.38912416,0
XM_027392903.2,1,1,0.66507834,1
XM_027395711.2,1,0,0.34478453,0
XM_027387060.2,1,1,0.9331656,1
XM_027390927.2,1,1,0.8845253,1
XM_027386571.2,1,1,0.862777,1
XM_035452880.1,1,0,0.33773524,0
XM_027386859.2,1,0,0.3768134,0
XM_027391458.2,1,0,0.09250274,0
XM_027394299.2,1,1,0.7155298,1
XM_027387013.2,1,1,0.8166262,1
XM_027388082.2,1,1,0.5654306,1
XM_027393689.2,1,0,0.2444734,0
XM_027390358.2,1,0,0.64027774,1
XM_027393199.2,1,0,0.71312994,1
XM_027392947.2,1,0,0.21350491,0
XM_027391961.2,1,0,0.6943171,1
XM_035452136.1,1,0,0.10441461,0
XM_027393444.2,1,0,0.6678522,1
XM_027392964.2,1,0,0.83448404,1
XM_027390569.2,1,0,0.11034643,0
XM_027394711.2,1,1,0.49786848,0
XM_027393248.2,1,1,0.50623465,1
XM_027388612.2,1,1,0.56993985,1
XM_027391170.2,1,0,0.62891537,1
XM_035453317.1,1,0,0.33772022,0
XM_035453416.1,1,0,0.22907421,0
XM_027392916.2,1,1,0.75636023,1
XM_027394348.2,1,1,0.6647419,1
XM_027388354.2,1,1,0.95490384,1
XM_027386540.2,1,1,0.6284779,1
XM_027395641.2,1,0,0.72728187,1
XM_027389465.2,1,0,0.23452577,0
XM_027395140.2,1,0,0.40085593,0
XM_035450533.1,1,1,0.32109395,0
XM_035451362.1,1,1,0.2206798,0
XM_027394401.2,1,0,0.18650395,0
XM_027389457.2,1,1,0.63324445,1
XM_027387482.2,1,0,0.6249326,1
XM_027395479.2,1,0,0.20836909,0
XM_035451383.1,1,0,0.2776892,0
XM_027389555.2,1,1,0.9332464,1
XM_027395303.2,1,1,0.81726384,1
XM_027388822.2,1,1,0.5494013,1
NM_001246813.1,1,1,0.63349485,1
XM_027389296.2,1,0,0.47573686,0
XM_027393944.2,1,1,0.2221002,0
XM_035452861.1,1,1,0.35108426,0
XM_027390829.2,1,1,0.2239498,0
XM_027387185.2,1,1,0.7446561,1
XM_027390642.2,1,1,0.85474104,1
XM_027393306.2,1,1,0.5525752,1
XM_027387132.2,1,0,0.2591182,0
XM_027395367.2,1,1,0.8396059,1
XM_027388256.2,1,1,0.34023172,0
XM_027388255.2,1,0,0.6629963,1
XM_027393766.2,1,0,0.32647896,0
XM_027387648.2,1,0,0.75189483,1
XM_027395373.2,1,1,0.61963075,1
XM_035453309.1,1,0,0.044847738,0
XM_035452874.1,1,0,0.62260866,1
XM_027386886.2,1,1,0.7005755,1
XM_027395318.2,1,1,0.4149349,0
XM_027388648.1,1,0,0.40534672,0
XM_035451195.1,1,0,0.27519324,0
XM_027390963.2,1,0,0.525187,1
XM_027392616.2,1,1,0.81422955,1
XM_027395277.2,1,1,0.91002613,1
XM_035453344.1,1,0,0.31383607,0
XM_027391638.2,1,0,0.15471584,0
XM_027389597.2,1,0,0.2938544,0
XM_035452816.1,1,0,0.29653302,0
XM_027386752.2,1,0,0.65652686,1
XM_027391966.2,1,0,0.22833963,0
XM_027391333.2,1,1,0.69710267,1
XM_027392210.2,1,0,0.21730098,0
XM_035451006.1,1,1,0.9210084,1
XM_035451391.1,1,1,0.15882489,0
XM_027394724.2,1,1,0.55252194,1
XM_035450394.1,1,1,0.56174594,1
XM_035452445.1,1,0,0.54097056,1
XM_027393327.1,1,1,0.7034025,1
XM_027389958.2,1,0,0.30095813,0
XM_035450794.1,1,0,0.25054523,0
XM_027390684.2,1,1,0.22269969,0
XM_035453194.1,1,0,0.28305852,0
XM_027390266.2,1,0,0.8120618,1
XM_027388248.2,1,1,0.84900343,1
XM_027390748.2,1,1,0.26269242,0
XM_035453119.1,1,0,0.24151783,0
XM_027391608.2,1,0,0.28948423,0
XM_035452730.1,1,1,0.74593985,1
XM_027394015.2,1,0,0.31238353,0
XM_027389818.2,1,1,0.854292,1
NM_001246770.1,1,0,0.27046955,0
XM_027395466.2,1,0,0.30705994,0
XM_027395467.2,1,0,0.18460497,0
XM_035451472.1,1,0,0.18334617,0
XM_027393819.2,1,0,0.27095893,0
XM_027392176.2,1,0,0.21768999,0
XM_035453039.1,1,0,0.253923,0
XM_027395535.2,1,0,0.78533584,1
XM_027393900.2,1,0,0.58124715,1
XM_035453103.1,1,0,0.159678,0
XM_035450640.1,1,0,0.6494682,1
XM_027392905.1,1,0,0.53466845,1
XM_027395392.2,1,0,0.26663277,0
XM_035453229.1,1,1,0.46189234,0
XM_035450944.1,1,0,0.24572122,0
XM_027392796.2,1,0,0.6292386,1
XM_035452695.1,1,0,0.30666083,0
XM_035452517.1,1,0,0.14477518,0
XM_035451410.1,1,0,0.29802874,0
XM_027393387.2,1,0,0.27402744,0
XM_035451875.1,1,0,0.5283867,1
XM_035452043.1,1,1,0.84730685,1
XM_027391015.1,1,1,0.43784007,0
XM_035452917.1,1,0,0.17261973,0
XM_027390294.2,1,1,0.63052464,1
XM_027391421.2,1,0,0.20291801,0
XM_027394600.2,1,1,0.80709875,1
XM_035453211.1,1,0,0.28530434,0
XM_027395470.2,1,1,0.65881205,1
XM_027388378.2,1,0,0.19376956,0
XM_027393399.2,1,0,0.61781883,1
XM_027390034.2,1,0,0.89624983,1
XM_027394125.2,1,1,0.96599525,1
XM_027389260.2,1,0,0.1913874,0
XM_027393696.2,1,0,0.46437955,0
XM_027388375.2,1,0,0.3897024,0
XM_035452889.1,1,0,0.33533835,0
XM_027388808.2,1,0,0.44962853,0
XM_027389781.2,1,0,0.15713082,0
XM_027387508.2,1,0,0.40022385,0
XM_027393388.2,1,0,0.12944168,0
XM_027394083.2,1,1,0.336188,0
XM_027393899.2,1,0,0.17286506,0
XM_035451573.1,1,0,0.72705626,1
XM_035450773.1,1,0,0.27591035,0
XM_035451693.1,1,1,0.28213358,0
XM_035453126.1,1,0,0.33668837,0
XM_027395720.2,1,1,0.7568467,1
XM_035453120.1,1,0,0.30218264,0
XM_035451932.1,1,1,0.22835435,0
XM_027389813.2,1,0,0.7399028,1
XM_035451236.1,1,0,0.24888381,0
XM_027388608.2,1,0,0.3795,0
XM_027395874.2,1,0,0.4595982,0
XM_035450935.1,1,0,0.45864883,0
XM_027395875.2,1,1,0.64053166,1
XM_027389252.2,1,0,0.26525092,0
XM_027389268.2,1,0,0.5236033,1
XM_035452946.1,1,0,0.48454827,0
XM_027393514.2,1,1,0.73066854,1
XM_035453296.1,1,0,0.39106542,0
XM_035453061.1,1,0,0.26737458,0
XM_027393400.2,1,1,0.64589053,1
XM_027394222.2,1,0,0.4003989,0
XM_027390889.2,1,0,0.4396925,0
XM_035452150.1,1,1,0.8008561,1
XM_027391872.2,1,0,0.62473434,1
XM_027390819.2,1,1,0.6669715,1
XM_035452995.1,1,0,0.24613461,0
XM_035451790.1,1,0,0.65996486,1
XM_027395475.2,1,0,0.25700203,0
XM_035451427.1,1,0,0.33199942,0
XM_027391823.2,1,0,0.4962379,0
XM_035450729.1,1,0,0.26294693,0
XM_035451099.1,1,0,0.3034428,0
XM_035453014.1,1,0,0.23733416,0
XM_027395134.2,1,0,0.17741029,0
XM_027389162.2,1,1,0.5004409,1
XM_027388410.2,1,0,0.67661613,1
XM_027393747.2,1,0,0.5686277,1
XM_027395413.2,1,0,0.36753717,0
XM_035451687.1,1,0,0.55763084,1
XM_035450470.1,1,0,0.66406184,1
XM_027395808.2,1,0,0.5433845,1
XM_027389461.2,1,0,0.30526707,0
XM_027395488.2,1,1,0.65714926,1
XM_027386986.2,1,0,0.27976894,0
XM_035451340.1,1,0,0.4561648,0
XM_035451470.1,1,0,0.36141124,0
XM_027392866.2,1,0,0.7258835,1
XM_035451371.1,1,0,0.022949602,0
XM_035452244.1,1,1,0.38582692,0
XM_027392593.2,1,1,0.86410326,1
XM_027395716.2,1,0,0.2113364,0
XM_035450617.1,1,0,0.14323165,0
XM_027392836.2,1,1,0.8249984,1
XM_035453023.1,1,0,0.22617434,0
XM_035452416.1,1,0,0.45932478,0
XM_027388430.2,1,1,0.8680258,1
XM_035451420.1,1,1,0.3958072,0
XM_027388882.2,1,0,0.07006396,0
XM_027389232.2,1,0,0.5672776,1
XM_027391299.1,1,0,0.07632666,0
XM_027391871.2,1,0,0.22732419,0
XM_035450485.1,1,0,0.39530078,0
XM_027392885.2,1,0,0.60288274,1
XM_035451842.1,1,0,0.23917353,0
XM_035451380.1,1,1,0.36947733,0
XM_035450382.1,1,0,0.35973996,0
XM_035451659.1,1,0,0.39335853,0
XM_027393773.2,1,0,0.16914561,0
XM_035451660.1,1,0,0.60495365,1
XM_027394617.2,1,0,0.54940766,1
XM_027394733.2,1,0,0.579424,1
XM_027394793.2,1,0,0.2573317,0
XM_035450697.1,1,0,0.26154393,0
XM_035452415.1,1,0,0.24666102,0
XM_027393376.2,1,0,0.7141898,1
XM_035451867.1,1,1,0.603636,1
XM_035451306.1,1,0,0.30057722,0
XM_035451646.1,1,0,0.22102016,0
XM_035451815.1,1,0,0.36650893,0
XM_035452060.1,1,1,0.24007142,0
XM_035452775.1,1,0,0.5419195,1
XM_035453009.1,1,0,0.1391,0
XM_035453125.1,1,0,0.39327666,0
XM_035453127.1,1,0,0.15553734,0
XM_035453193.1,1,0,0.39527503,0
XM_027395796.2,1,1,0.728816,1
XM_027386984.2,1,1,0.7751599,1
XM_035453067.1,1,0,0.03341891,0
XM_027392308.2,1,1,0.6489001,1
XM_035451440.1,1,0,0.2886298,0
XM_027387885.2,1,1,0.8578772,1
XM_027393708.2,1,1,0.66934377,1
XM_035451394.1,1,0,0.24811085,0
XM_027394607.2,1,0,0.54540116,1
XM_027390647.2,1,1,0.73676217,1
XM_035451616.1,1,0,0.272101,0
XM_027394725.2,1,0,0.24469578,0
XM_035450737.1,1,0,0.049148478,0
XM_035451112.1,1,0,0.24047062,0
XM_027389814.2,1,0,0.5539557,1
XM_027395194.2,1,1,0.71183556,1
XM_027395366.2,1,1,0.88836557,1
XM_027394268.2,1,0,0.7561197,1
XM_027391757.2,1,0,0.112018354,0
XM_035452694.1,1,0,0.128128,0
XM_035451103.1,1,1,0.45069203,0
XM_035451909.1,1,1,0.28665534,0
XM_035450396.1,1,1,0.53532255,1
XM_027392262.2,1,1,0.4975226,0
XM_027393639.2,1,1,0.53744847,1
XM_027392781.2,1,1,0.9094799,1
XM_027392265.2,1,1,0.6671155,1
XM_027395965.2,1,1,0.91858625,1
XM_027392478.2,1,0,0.8443992,1
XM_035450805.1,1,1,0.9052567,1
XM_027395591.2,1,1,0.8286971,1
XM_035452764.1,1,1,0.77090865,1
XM_027394945.2,1,0,0.40314737,0
XM_027392749.2,1,0,0.23890315,0
XM_027386817.2,1,1,0.8680173,1
XM_027393586.2,1,0,0.6210716,1
XM_027389445.2,1,0,0.23362274,0
XM_027389240.2,1,1,0.6900578,1
XM_035451412.1,1,0,0.31591105,0
XM_027390504.2,1,1,0.82859695,1
XM_035451780.1,1,0,0.5802228,1
XM_027389180.2,1,1,0.5435228,1
XM_027393073.2,1,1,0.90208435,1
XM_027394120.2,1,0,0.448279,0
XM_027389123.2,1,1,0.8428053,1
XM_035453071.1,1,0,0.15355168,0
XM_027394062.2,1,0,0.4879785,0
XM_027390343.2,1,0,0.43862227,0
XM_035453004.1,1,0,0.30096313,0
XM_027390067.2,1,1,0.6656665,1
XM_027388657.2,1,0,0.124631085,0
XM_027387181.2,1,0,0.92419386,1
XM_035451369.1,1,0,0.4067088,0
XM_027395496.2,1,0,0.13640283,0
XM_027392467.2,1,0,0.09627379,0
XM_027392740.2,1,1,0.67074966,1
XM_035450902.1,1,0,0.4870889,0
XM_035453474.1,1,0,0.18076122,0
XM_035451068.1,1,0,0.20662296,0
XM_027392668.2,1,0,0.3356093,0
XM_027386575.2,1,1,0.7969107,1
XM_027388411.2,1,1,0.6065468,1
XM_027392746.2,1,1,0.49500722,0
XM_027393085.2,1,1,0.6137821,1
XM_035451980.1,1,0,0.24225253,0
XM_027387926.2,1,1,0.87993336,1
XM_027393960.1,1,1,0.7003825,1
XM_027386619.2,1,0,0.704059,1
XM_027387542.2,1,1,0.74738836,1
XM_027392207.2,1,1,0.4180005,0
XM_035452585.1,1,1,0.6961931,1
XM_027387194.2,1,1,0.8583667,1
XM_027390592.2,1,1,0.93629014,1
XM_027389380.2,1,1,0.5982807,1
XM_035453079.1,1,0,0.4320568,0
XM_027389394.2,1,1,0.700232,1
XM_027386707.2,1,0,0.1129137,0
XM_027388176.2,1,0,0.27470577,0
XM_027388640.2,1,1,0.52330583,1
XM_035451719.1,1,0,0.58300173,1
XM_027390145.2,1,0,0.5377547,1
XM_035450417.1,1,1,0.41743416,0
XM_027388490.2,1,1,0.59210783,1
XM_027390119.2,1,1,0.7183115,1
XM_027392559.2,1,1,0.4979387,0
XM_027388170.2,1,1,0.77336633,1
XM_027388328.2,1,0,0.287166,0
XM_035450890.1,1,1,0.6795863,1
XM_027393117.2,1,0,0.45433584,0
XM_027391511.2,1,1,0.8450727,1
XM_035451392.1,1,0,0.24353155,0
XM_027387723.2,1,0,0.90526927,1
XM_035452814.1,1,0,0.21554832,0
XM_035453111.1,1,0,0.114721715,0
XM_035451931.1,1,0,0.40156838,0
XM_027394336.2,1,1,0.7809812,1
XM_027394730.2,1,1,0.47963002,0
XM_027393852.2,1,1,0.7967821,1
XM_027386960.2,1,0,0.4496321,0
XM_027395177.2,1,1,0.8611069,1
XM_027394741.2,1,1,0.4884124,0
XM_035453022.1,1,0,0.3554593,0
XM_027395881.2,1,1,0.9040293,1
XM_035453074.1,1,0,0.2493794,0
XM_027387520.2,1,0,0.6429072,1
XM_035451758.1,1,1,0.7855358,1
XM_027395383.2,1,1,0.8651039,1
XM_027393427.2,1,1,0.70943177,1
XM_027393264.2,1,0,0.7658899,1
XM_027391298.2,1,0,0.2005817,0
XM_027388194.2,1,1,0.521818,1
XM_035452435.1,1,1,0.90904856,1
XM_027390960.2,1,1,0.8143818,1
XM_027393723.2,1,1,0.75115746,1
XM_027388284.2,1,0,0.73336625,1
XM_027390943.2,1,1,0.77162355,1
XM_027388157.2,1,0,0.7975457,1
XM_027388653.2,1,1,0.2184927,0
XM_027392458.2,1,1,0.92544985,1
XM_027388577.2,1,1,0.6465988,1
XM_027387971.2,1,1,0.8300314,1
XM_027388762.2,1,1,0.6056287,1
XM_027390643.2,1,1,0.73981345,1
XM_035452749.1,1,0,0.2655209,0
XM_027395658.2,1,1,0.15550181,0
XM_027388303.2,1,1,0.93682766,1
XM_027395490.2,1,0,0.5043361,1
XM_027393428.1,1,0,0.8058127,1
XM_027389293.2,1,0,0.80967814,1
XM_027392375.2,1,0,0.52475476,1
XM_027391745.2,1,0,0.50554013,1
XM_027393406.2,1,1,0.82457805,1
XM_027391311.2,1,0,0.26355466,0
XM_027388067.1,1,1,0.80766165,1
XM_027392392.2,1,1,0.86462927,1
XM_027387022.2,1,1,0.8591269,1
XM_027386670.2,1,1,0.6806855,1
XM_035453133.1,1,1,0.7948204,1
XM_027395183.2,1,1,0.7656217,1
XM_027390891.2,1,0,0.27352542,0
XM_035453051.1,1,0,0.2965606,0
XM_027387447.2,1,0,0.21505722,0
XM_027388395.2,1,0,0.7453279,1
XM_027392120.2,1,0,0.2859078,0
XM_027393516.2,1,0,0.3845976,0
XM_027388002.2,1,1,0.8508084,1
XM_027390645.2,1,0,0.48523316,0
XM_027394704.2,1,0,0.48878738,0
XM_035451063.1,1,0,0.19385417,0
XM_035453415.1,1,0,0.19914782,0
XM_035453142.1,1,0,0.42881203,0
XM_027390516.2,1,1,0.3396897,0
XM_035453464.1,1,1,0.80223733,1
XM_027388647.2,1,0,0.31451595,0
XM_027388774.2,1,1,0.5486039,1
XM_027395546.2,1,1,0.84333926,1
XM_027395924.2,1,0,0.6291682,1
XM_035453089.1,1,1,0.15786202,0
XM_027394765.2,1,1,0.5612164,1
XM_027392066.2,1,0,0.7524086,1
XM_027390753.1,1,0,0.6371412,1
XM_027388967.2,1,1,0.346616,0
XM_027392160.2,1,0,0.33436278,0
XM_027393321.2,1,0,0.34581423,0
XM_027393064.2,1,1,0.6631312,1
XM_035451809.1,1,1,0.811941,1
XM_035453337.1,1,0,0.25598463,0
XM_035450502.1,1,1,0.6178885,1
XM_027391073.1,1,1,0.81868255,1
XM_035451207.1,1,0,0.49131408,0
XM_027394091.2,1,0,0.76994056,1
XM_027388283.2,1,1,0.8131226,1
XM_035452612.1,1,1,0.75197774,1
XM_027393214.2,1,1,0.6392921,1
XM_027390303.2,1,1,0.6127488,1
XM_027390894.2,1,1,0.28580043,0
XM_035450486.1,1,1,0.27493203,0
XM_027389893.2,1,1,0.6423414,1
XM_027392810.2,1,1,0.7098294,1
XM_027395657.2,1,1,0.44006598,0
XM_027393553.1,1,0,0.36163116,0
NM_001256866.1,1,1,0.6438128,1
NM_001256844.1,1,0,0.5244379,1
XM_035451200.1,1,0,0.4220922,0
XM_027391657.2,1,1,0.48521125,0
XM_027392948.2,1,1,0.25926432,0
XM_035451911.1,1,0,0.10647791,0
XM_027395890.2,1,1,0.89373475,1
XM_027390420.2,1,0,0.48664916,0
XM_027391630.2,1,0,0.40256023,0
XM_027395038.2,1,1,0.8008321,1
XM_027390858.2,1,1,0.87864596,1
XM_027388499.2,1,0,0.4825744,0
XM_027395446.2,1,1,0.4015141,0
XM_027389891.2,1,1,0.8194905,1
XM_027393121.2,1,1,0.5106654,1
XM_035451799.1,1,0,0.32360148,0
XM_027393350.2,1,0,0.56800324,1
XM_027387033.2,1,0,0.32241857,0
NM_001246818.2,1,1,0.20231985,0
XM_027387411.2,1,1,0.7738604,1
XM_035450700.1,1,1,0.43733191,0
XM_027388714.2,1,1,0.6126395,1
XM_027393227.2,1,1,0.4948508,0
XM_027392580.2,1,0,0.26548606,0
XM_035451879.1,1,0,0.22460513,0
XM_027386747.2,1,0,0.35268193,0
XM_027386748.2,1,0,0.33708182,0
XM_027389634.2,1,1,0.8797125,1
XM_027389002.2,1,1,0.68018454,1
XM_035451850.1,1,1,0.16281027,0
XM_027393352.2,1,1,0.7505957,1
XM_027389448.2,1,0,0.52508855,1
XM_027394920.2,1,0,0.28284064,0
XM_035452741.1,1,0,0.51070666,1
XM_027394271.2,1,0,0.5762392,1
XM_035452858.1,1,1,0.7117221,1
XM_035452830.1,1,0,0.18283656,0
XM_027388071.2,1,1,0.6376723,1
XM_027389184.2,1,1,0.72371846,1
XM_035452038.1,1,1,0.92263573,1
XM_027392551.2,1,0,0.24561186,0
XM_027395365.2,1,0,0.376321,0
XM_027391386.2,1,1,0.46425948,0
XM_027388253.2,1,1,0.6364971,1
XM_027395489.2,1,0,0.2614136,0
XM_027386791.2,1,1,0.8494307,1
XM_027389156.2,1,0,0.57178324,1
XM_027387299.2,1,1,0.47122988,0
XM_027389036.2,1,1,0.4564145,0
XM_035451950.1,1,0,0.3355867,0
XM_027394182.2,1,0,0.15911314,0
XM_027388397.2,1,0,0.71245986,1
XM_027390590.2,1,1,0.88602126,1
XM_027392949.2,1,0,0.6301268,1
XM_027391156.2,1,0,0.55042094,1
XM_027388949.2,1,1,0.6909688,1
XM_035451574.1,1,0,0.7080822,1
XM_027389925.2,1,1,0.79305565,1
XM_027389927.2,1,1,0.8252269,1
XM_027394056.2,1,1,0.766025,1
XM_027391399.1,1,1,0.8511342,1
XM_027393507.2,1,1,0.7463468,1
XM_027389090.2,1,0,0.22665283,0
XM_027387391.2,1,1,0.58139116,1
XM_035450336.1,1,0,0.056220707,0
XM_027390989.2,1,0,0.61664975,1
XM_035451286.1,1,1,0.6464648,1
XM_035451105.1,1,0,0.3391527,0
XM_027387884.2,1,1,0.40153968,0
XM_035453276.1,1,1,0.92800546,1
XM_035452570.1,1,0,0.79901487,1
XM_027393832.2,1,1,0.9153313,1
XM_027393793.2,1,1,0.8862002,1
XM_027395803.2,1,1,0.900031,1
XM_027393104.2,1,0,0.16901524,0
XM_027392264.2,1,1,0.8225492,1
XM_027391369.2,1,0,0.8030537,1
XM_027395824.2,1,1,0.62886965,1
NM_001244101.2,1,1,0.49966756,0
XM_027393544.2,1,1,0.89498353,1
XM_027391106.2,1,0,0.47354665,0
XM_035451641.1,1,0,0.3467277,0
XM_027392641.2,1,0,0.34661883,0
XM_027390887.2,1,1,0.82193816,1
XM_035451854.1,1,0,0.34559113,0
XM_035451715.1,1,1,0.18882453,0
XM_027395259.2,1,1,0.8652216,1
XM_035451940.1,1,0,0.7133762,1
XM_027393570.2,1,1,0.7411472,1
XM_027389437.2,1,1,0.9336427,1
XM_027393780.2,1,0,0.40276727,0
XM_027392518.2,1,1,0.85353726,1
XM_027394045.2,1,1,0.8875,1
XM_027388963.2,1,1,0.69634295,1
XM_027388076.2,1,1,0.81548476,1
XM_027388022.2,1,1,0.8337303,1
XM_027394265.2,1,1,0.8210548,1
XM_027392441.1,1,1,0.78598374,1
XM_035453461.1,1,0,0.22535126,0
XM_027392026.2,1,1,0.8720406,1
XM_027395200.2,1,1,0.9243675,1
XM_027398983.2,2,0,0.18974274,0
XM_027396330.2,2,1,0.6195043,1
XM_027397909.2,2,0,0.723354,1
XM_035440491.1,2,0,0.16920502,0
XM_027403061.2,2,0,0.228244,0
XM_027396620.2,2,0,0.5292285,1
XM_035440022.1,2,1,0.48918208,0
NM_001244045.1,2,1,0.6363493,1
XM_035438722.1,2,0,0.22530365,0
XM_027402702.2,2,1,0.8734722,1
XM_027398194.2,2,1,0.69996667,1
XM_027401286.2,2,0,0.52968156,1
XM_027402570.2,2,1,0.65098506,1
XM_027403126.2,2,1,0.6027603,1
XM_035440118.1,2,0,0.23447157,0
XM_035440217.1,2,1,0.43722966,0
XM_027398208.2,2,0,0.1352479,0
XM_027401685.2,2,0,0.55298084,1
XM_035439139.1,2,0,0.439221,0
XM_027403422.2,2,0,0.5053698,1
XM_027397275.1,2,1,0.7608381,1
XM_027397670.2,2,0,0.4909266,0
XM_027403146.2,2,1,0.88450414,1
XM_027402768.2,2,0,0.7463683,1
XM_027404028.2,2,1,0.53314286,1
XM_027403367.2,2,1,0.6537212,1
XM_027396548.2,2,1,0.32262033,0
XM_027403361.2,2,0,0.46690133,0
XM_027402909.2,2,0,0.39984998,0
XM_027403316.2,2,0,0.08563995,0
XM_027402228.2,2,1,0.7868398,1
XM_027401718.2,2,0,0.62717515,1
XM_027399035.2,2,1,0.32704377,0
XM_027402094.2,2,0,0.77862513,1
XM_027397681.2,2,1,0.8370682,1
XM_027397155.2,2,1,0.8224983,1
XM_027401765.2,2,0,0.083258554,0
XM_027403577.2,2,0,0.5058813,1
XM_035438985.1,2,0,0.29404172,0
XM_027403996.2,2,0,0.41011614,0
XM_035440879.1,2,0,0.13384214,0
XM_027400716.2,2,1,0.82697976,1
XM_035438960.1,2,0,0.16913612,0
XM_035438965.1,2,0,0.07112046,0
XM_027396940.2,2,1,0.853633,1
XM_027396514.2,2,0,0.17307104,0
XM_027401269.2,2,0,0.12432507,0
XM_027401176.2,2,1,0.661881,1
XM_027403493.2,2,1,0.785151,1
XM_027401376.2,2,0,0.43300477,0
XM_035440833.1,2,1,0.63703835,1
XM_027398148.2,2,0,0.12255678,0
XM_035439791.1,2,0,0.13510433,0
XM_035439235.1,2,0,0.16501686,0
XM_035440443.1,2,0,0.7303246,1
XM_035439971.1,2,0,0.38488582,0
XM_027403040.2,2,0,0.03966851,0
XM_027398736.2,2,0,0.37902084,0
XM_027400689.2,2,0,0.80162865,1
XM_027397637.2,2,1,0.65970623,1
NM_001246797.1,2,1,0.68956125,1
XM_027396869.2,2,1,0.48860982,0
XM_027404017.2,2,1,0.6096333,1
XM_035440584.1,2,0,0.26575175,0
XM_035440365.1,2,1,0.1872362,0
XM_027398473.2,2,0,0.22750658,0
XM_027403302.2,2,1,0.077013984,0
XM_027401869.2,2,0,0.089241445,0
XM_027402916.2,2,0,0.6842633,1
XM_027402151.2,2,0,0.17638083,0
XM_027403503.2,2,0,0.8205393,1
XM_027400076.2,2,1,0.3008518,0
XM_035438738.1,2,0,0.12956329,0
XM_027402212.2,2,1,0.5626716,1
XM_035439910.1,2,1,0.3943338,0
XM_027400725.2,2,1,0.7455868,1
XM_027403960.2,2,0,0.45984963,0
XM_027399231.2,2,1,0.83893144,1
XM_027403525.2,2,0,0.5556897,1
XM_027404378.2,2,0,0.78463644,1
XM_027402459.2,2,0,0.6531313,1
XM_027400864.2,2,0,0.61873657,1
XM_035440881.1,2,0,0.27413335,0
XM_027398995.2,2,0,0.15190326,0
XM_027401545.2,2,0,0.67695045,1
XM_027401137.2,2,0,0.87862223,1
XM_035438865.1,2,1,0.218831,0
XM_035440028.1,2,0,0.6730618,1
XM_027398755.2,2,0,0.2250975,0
XM_027403363.2,2,1,0.8050738,1
XM_027403777.2,2,0,0.74030274,1
XM_027396082.2,2,0,0.067501865,0
XM_035439967.1,2,1,0.65115285,1
XM_035439118.1,2,0,0.21699189,0
XM_027399290.2,2,1,0.9008216,1
XM_027399624.2,2,0,0.58879226,1
XM_027397220.2,2,1,0.76221126,1
XM_027396431.2,2,0,0.1599839,0
XM_027404286.2,2,0,0.5721122,1
XM_027397526.2,2,1,0.8238831,1
XM_027396900.2,2,1,0.7981686,1
XM_027399908.2,2,1,0.22322652,0
NM_001244136.1,2,1,0.72998536,1
XM_027401704.2,2,0,0.25523126,0
XM_027397655.2,2,0,0.28699186,0
XM_035440370.1,2,1,0.80306023,1
XM_035438881.1,2,0,0.07501099,0
XM_035441055.1,2,1,0.87850714,1
XM_027403607.2,2,0,0.21208826,0
XM_027402404.2,2,0,0.59813535,1
XM_027396603.2,2,1,0.5353571,1
XM_027403351.2,2,1,0.7828303,1
XM_027399393.2,2,1,0.39775088,0
XM_027396463.2,2,1,0.70203394,1
XM_035440561.1,2,1,0.6854664,1
XM_027404105.1,2,1,0.6879632,1
XM_035438808.1,2,0,0.36733553,0
XM_027402311.2,2,1,0.69236577,1
XM_027397496.2,2,0,0.5722284,1
XM_027403289.2,2,1,0.55065084,1
XM_027396515.2,2,0,0.47080544,0
XM_027403012.2,2,0,0.70382315,1
XM_027400820.2,2,1,0.60988224,1
XM_035441073.1,2,0,0.05442623,0
XM_027400834.2,2,0,0.15434302,0
XM_027402414.2,2,0,0.12869321,0
XM_035439054.1,2,0,0.1584601,0
XM_027403853.2,2,1,0.42155123,0
XM_027399721.2,2,1,0.8089807,1
XM_027399050.2,2,0,0.24708904,0
XM_035440846.1,2,0,0.53526884,1
XM_027403322.2,2,1,0.2012839,0
XM_027398956.2,2,0,0.12222072,0
XM_027400694.2,2,0,0.83637315,1
NM_001246794.1,2,1,0.24096094,0
XM_035439666.1,2,0,0.06304986,0
XM_027396684.2,2,1,0.6272952,1
XM_027400740.2,2,1,0.8353735,1
XM_035439627.1,2,0,0.51619077,1
XM_027399151.2,2,1,0.6240925,1
XM_027400168.2,2,1,0.7050739,1
XM_027398210.2,2,1,0.60826856,1
XM_027401700.2,2,0,0.5356811,1
XM_027401698.2,2,0,0.26841936,0
XM_027398764.2,2,0,0.38690966,0
XM_027396999.2,2,1,0.38543865,0
XM_027402355.2,2,0,0.18110232,0
XM_027404188.2,2,0,0.647912,1
XM_027402769.2,2,1,0.7284166,1
XM_027401382.2,2,0,0.83965564,1
XM_027401650.2,2,1,0.86611223,1
XM_035440170.1,2,1,0.7608349,1
XM_027396477.2,2,1,0.6510983,1
XM_035440966.1,2,0,0.27792042,0
XM_035439108.1,2,0,0.22926639,0
XM_027399130.2,2,0,0.20110832,0
XM_027403523.2,2,1,0.75378495,1
XM_027399707.1,2,1,0.10586882,0
XM_035439937.1,2,0,0.14158729,0
XM_027400549.2,2,1,0.7623717,1
XM_027403977.2,2,0,0.61628556,1
XM_027403472.2,2,1,0.7764146,1
XM_027399332.2,2,0,0.4761372,0
XM_027403013.2,2,1,0.57870805,1
XM_027397204.2,2,0,0.26509815,0
XM_027397628.2,2,1,0.6845811,1
XM_027396558.2,2,0,0.5323413,1
XM_027399586.2,2,1,0.6058776,1
XM_027404299.2,2,0,0.100877956,0
XM_027399555.2,2,1,0.38837048,0
XM_035440775.1,2,0,0.46105126,0
XM_035440293.1,2,0,0.13414441,0
XM_035438895.1,2,0,0.28549957,0
XM_027401071.2,2,1,0.48881745,0
XM_027404025.2,2,1,0.40250814,0
XM_035438814.1,2,0,0.6475188,1
XM_027398976.2,2,1,0.2647859,0
XM_027400816.2,2,1,0.6407689,1
XM_027399386.2,2,0,0.81431925,1
XM_035440816.1,2,0,0.3541479,0
XM_027402138.2,2,1,0.83287203,1
XM_027398434.2,2,1,0.7612923,1
XM_027401944.2,2,1,0.22253615,0
XM_027402586.2,2,1,0.74410313,1
XM_027397583.2,2,0,0.5295725,1
XM_027404275.2,2,1,0.67073107,1
XM_027403229.2,2,1,0.5234333,1
XM_027403616.2,2,0,0.12846746,0
XM_027402081.2,2,0,0.2258025,0
XM_027403000.2,2,1,0.689026,1
XM_027404239.2,2,1,0.61900425,1
XM_027399920.2,2,0,0.2631292,0
XM_027398992.2,2,0,0.23494095,0
XM_027397444.2,2,0,0.022233909,0
XM_027399052.2,2,1,0.62296605,1
XM_027399727.2,2,0,0.40693143,0
XM_027397107.2,2,0,0.6039706,1
XM_035438700.1,2,1,0.21787085,0
XM_035439802.1,2,0,0.79883707,1
XM_027396665.2,2,0,0.48481604,0
XM_035439515.1,2,1,0.23799941,0
XM_027397320.2,2,1,0.18301186,0
XM_027397475.2,2,0,0.11743348,0
XM_035440416.1,2,0,0.17986678,0
XM_027402551.2,2,1,0.6685959,1
XM_027396372.2,2,1,0.76337326,1
XM_027400941.2,2,1,0.8131232,1
XM_027397439.2,2,1,0.16105646,0
XM_027400992.2,2,0,0.53184456,1
XM_027402056.2,2,1,0.7981693,1
XM_027399013.2,2,0,0.22856946,0
XM_035439542.1,2,0,0.15371771,0
XM_027399742.2,2,1,0.2575852,0
XM_027396167.2,2,1,0.83174,1
XM_035440968.1,2,0,0.39840806,0
XM_035440555.1,2,1,0.80777293,1
NM_001246742.1,2,1,0.77591556,1
XM_035439221.1,2,0,0.41830206,0
XM_035440896.1,2,0,0.58903235,1
XM_027397425.2,2,0,0.47176918,0
XM_035439457.1,2,0,0.4914409,0
XM_027397247.2,2,0,0.06482663,0
XM_027400089.2,2,1,0.65403795,1
XM_027402919.2,2,0,0.16465014,0
XM_027400966.2,2,0,0.23477368,0
XM_035440174.1,2,1,0.6824515,1
XM_035438884.1,2,0,0.4270384,0
XM_027396310.2,2,1,0.763455,1
XM_027396641.2,2,0,0.5758875,1
XM_027396642.2,2,0,0.5620825,1
XM_035439507.1,2,1,0.214102,0
XM_027402964.2,2,0,0.38537592,0
XM_035439516.1,2,1,0.2314969,0
XM_027398071.2,2,1,0.22789648,0
XM_027398072.2,2,1,0.23483089,0
XM_035439552.1,2,1,0.19047916,0
XM_027402418.2,2,1,0.76788294,1
XM_027401632.2,2,0,0.79057837,1
XM_027398069.2,2,1,0.20997562,0
XM_035438664.1,2,0,0.17605706,0
XM_027398070.2,2,1,0.22181961,0
XM_027399153.2,2,1,0.5435323,1
XM_027400764.2,2,1,0.40552896,0
XM_027397339.2,2,0,0.5532898,1
NM_001292060.1,2,0,0.22207177,0
XM_027400859.2,2,0,0.48655698,0
XM_035438971.1,2,1,0.083034635,0
XM_027401090.2,2,0,0.69190043,1
XM_027396344.2,2,1,0.8085432,1
XM_027398986.2,2,0,0.23213185,0
XM_027403086.2,2,0,0.71212745,1
XM_035439991.1,2,0,0.23622318,0
XM_035439726.1,2,0,0.25944513,0
XM_027398439.2,2,0,0.23053887,0
XM_027400955.2,2,0,0.69838613,1
XM_035440315.1,2,1,0.8210906,1
XM_027399661.2,2,1,0.045220204,0
XM_027398143.2,2,0,0.17740363,0
XM_035438748.1,2,1,0.4142059,0
XM_027400403.2,2,0,0.25108695,0
XM_027400442.2,2,1,0.38859248,0
XM_027399538.2,2,1,0.8487585,1
XM_035438806.1,2,0,0.10572821,0
XM_027400448.2,2,0,0.11160542,0
XM_027399759.2,2,0,0.12876345,0
XM_035440332.1,2,1,0.4470933,0
XM_027397311.2,2,1,0.50267893,1
XM_027398195.2,2,0,0.12461337,0
XM_035438836.1,2,0,0.13256626,0
XM_035440743.1,2,0,0.46185338,0
XM_027403821.2,2,0,0.054233503,0
XM_027396749.2,2,1,0.6303762,1
XM_027397014.2,2,1,0.83349293,1
XM_027402248.2,2,1,0.43003726,0
XM_027400985.2,2,0,0.17957112,0
XM_027404370.2,2,0,0.056084063,0
XM_027404045.1,2,0,0.4201197,0
XM_035439704.1,2,0,0.38346177,0
XM_027396023.2,2,1,0.5622468,1
XM_027402175.2,2,1,0.27856344,0
XM_027403641.2,2,1,0.73842233,1
XM_035440785.1,2,0,0.37046364,0
XM_035439155.1,2,0,0.18441194,0
XM_027404098.2,2,1,0.45633245,0
XM_035438967.1,2,0,0.079459764,0
XM_035439295.1,2,1,0.28773332,0
XM_027401622.2,2,1,0.68543273,1
XM_027402121.2,2,0,0.23844387,0
XM_027403484.2,2,1,0.7279963,1
XM_027400989.2,2,0,0.347959,0
XM_027402988.2,2,0,0.5320719,1
XM_035440506.1,2,0,0.10716999,0
XM_035439076.1,2,0,0.24086314,0
XM_027398085.2,2,0,0.24888922,0
XM_027402874.2,2,1,0.63093936,1
XM_027400286.2,2,0,0.17121568,0
XM_027397845.1,2,0,0.20330256,0
XM_035441175.1,2,0,0.22408074,0
XM_027400979.2,2,0,0.21801747,0
XM_027401091.2,2,0,0.5476489,1
XM_027401328.2,2,1,0.4490585,0
XM_035440631.1,2,1,0.55511755,1
XM_035439476.1,2,1,0.2358955,0
XM_027404302.1,2,0,0.09356338,0
XM_027398078.2,2,0,0.3066692,0
XM_035439946.1,2,1,0.56237876,1
XM_035438667.1,2,1,0.24394174,0
XM_027400984.2,2,0,0.57822937,1
XM_027395979.2,2,0,0.23971769,0
XM_027396050.2,2,0,0.19055785,0
XM_027396792.2,2,1,0.4454435,0
XM_027398020.2,2,0,0.691828,1
XM_027398144.1,2,0,0.18731399,0
XM_027398338.2,2,1,0.8231323,1
XM_035440024.1,2,0,0.16525929,0
XM_035438896.1,2,0,0.40440217,0
XM_027400413.2,2,0,0.38434345,0
XM_027400431.2,2,0,0.46546933,0
XM_035438674.1,2,0,0.19869739,0
XM_027400529.1,2,0,0.24187909,0
XM_027400589.2,2,0,0.7114307,1
XM_027401694.2,2,0,0.28741318,0
XM_035438766.1,2,0,0.200286,0
XM_035440320.1,2,0,0.6178517,1
XM_027402937.2,2,1,0.14258805,0
XM_027403384.2,2,1,0.13050765,0
XM_027403440.1,2,0,0.57992333,1
XM_027403470.2,2,1,0.111428685,0
XM_027403543.2,2,0,0.5789842,1
XM_035438807.1,2,0,0.06541119,0
XM_035440275.1,2,0,0.3816229,0
XM_035439679.1,2,0,0.25155857,0
XM_027399082.2,2,0,0.81369203,1
XM_035438789.1,2,0,0.35263664,0
XM_035438833.1,2,0,0.22684671,0
XM_035439454.1,2,1,0.40383387,0
XM_035439502.1,2,1,0.26171324,0
XM_035440097.1,2,0,0.19839932,0
XM_035440178.1,2,1,0.49588296,0
XM_035440503.1,2,0,0.19409649,0
XM_035440931.1,2,1,0.11093152,0
XM_027399463.2,2,0,0.0647631,0
XM_035439600.1,2,1,0.477193,0
XM_027399761.2,2,0,0.13783439,0
XM_027400507.2,2,1,0.26171234,0
XM_027403971.2,2,0,0.42421585,0
XM_027403961.2,2,0,0.2931485,0
XM_035439061.1,2,0,0.44456372,0
XM_027401212.2,2,0,0.33807385,0
XM_027402068.2,2,0,0.19968392,0
XM_027399251.2,2,1,0.45569834,0
XM_027403812.2,2,0,0.28060868,0
XM_027401795.2,2,1,0.66908073,1
XM_027399659.2,2,1,0.7634671,1
XM_027398202.2,2,1,0.7051179,1
XM_027404282.2,2,1,0.7517021,1
XM_027403433.2,2,1,0.8604852,1
XM_035438762.1,2,0,0.26038626,0
XM_027396242.2,2,0,0.19739449,0
XM_027403886.2,2,0,0.2906781,0
XM_027402636.2,2,0,0.67224175,1
XM_027404110.2,2,0,0.085242346,0
XM_027403197.2,2,1,0.7298021,1
XM_027396813.2,2,1,0.53097093,1
XM_035441066.1,2,1,0.69893277,1
XM_027403959.2,2,1,0.43987933,0
NM_001244074.1,2,0,0.18451777,0
XM_027399830.2,2,1,0.6929985,1
XM_035439688.1,2,1,0.3975844,0
XM_027398560.2,2,1,0.15220094,0
XM_027403446.2,2,1,0.84101784,1
XM_035438751.1,2,0,0.21003571,0
XM_027399055.2,2,0,0.073980294,0
XM_027396988.2,2,0,0.4346943,0
NM_001246716.1,2,1,0.25783202,0
XM_027403928.2,2,1,0.32145265,0
XM_027401374.2,2,0,0.13560322,0
XM_027402354.2,2,1,0.038086034,0
XM_027401645.2,2,1,0.8049998,1
XM_027398778.2,2,0,0.43456396,0
XM_027399855.2,2,1,0.44541484,0
XM_027400399.1,2,1,0.6236158,1
XM_027401254.2,2,1,0.87462384,1
XM_027401027.2,2,1,0.7757573,1
XM_027400113.2,2,1,0.7387662,1
XM_035439327.1,2,1,0.45653287,0
XM_027399217.2,2,1,0.80853957,1
XM_035438715.1,2,0,0.1761826,0
XM_027399698.2,2,0,0.62436676,1
XM_035439041.1,2,0,0.1595861,0
XM_035440132.1,2,0,0.1584845,0
XM_027404122.2,2,1,0.5768644,1
XM_027403145.1,2,1,0.1758624,0
XM_027399306.2,2,1,0.5778504,1
XM_035440160.1,2,1,0.77306783,1
XM_035440790.1,2,1,0.37049654,0
XM_035439188.1,2,0,0.3819965,0
XM_035441103.1,2,0,0.7876605,1
XM_035438754.1,2,0,0.16791345,0
XM_027400714.2,2,0,0.3154515,0
XM_027403358.2,2,1,0.6759541,1
XM_027399584.2,2,0,0.06051204,0
XM_035438761.1,2,0,0.1547001,0
XM_027402436.2,2,1,0.8613554,1
XM_027398896.2,2,1,0.85713965,1
XM_027402524.2,2,1,0.4987545,0
XM_027399583.2,2,1,0.80541545,1
XM_027397732.2,2,1,0.7312382,1
XM_027402061.2,2,1,0.39063045,0
XM_035441056.1,2,1,0.19068009,0
XM_035438816.1,2,1,0.15557618,0
XM_027396824.2,2,1,0.7380211,1
XM_027403563.2,2,1,0.78972656,1
XM_027397626.2,2,0,0.048254386,0
XM_027401106.2,2,0,0.6703197,1
XM_027399887.2,2,0,0.21468674,0
XM_027398501.2,2,1,0.45892534,0
XM_027396226.2,2,0,0.16628857,0
XM_035440176.1,2,1,0.56696,1
XM_027402343.2,2,0,0.46682376,0
XM_027400177.2,2,1,0.7409544,1
XM_027401113.2,2,1,0.8064351,1
XM_027402631.2,2,0,0.15494762,0
XM_027403491.2,2,1,0.8581707,1
XM_027401919.2,2,0,0.4466114,0
XM_027399973.2,2,1,0.68268114,1
XM_027402245.2,2,1,0.65884167,1
XM_027399422.2,2,1,0.40672714,0
XM_027401995.2,2,1,0.8049108,1
XM_027398256.2,2,0,0.8168028,1
XM_027400855.2,2,1,0.36449376,0
XM_027401174.2,2,1,0.8712811,1
XM_027398797.2,2,1,0.47229254,0
XM_027400706.2,2,0,0.20420143,0
XM_027396189.2,2,0,0.20958783,0
XM_035438842.1,2,1,0.08275534,0
XM_027401490.2,2,0,0.83310837,1
XM_027403417.2,2,1,0.660867,1
XM_027403415.2,2,0,0.5723287,1
XM_027401691.2,2,1,0.5968593,1
XM_027396107.2,2,1,0.84809315,1
XM_027400313.2,2,1,0.792097,1
XM_035439660.1,2,0,0.7333718,1
XM_027400902.2,2,1,0.58246803,1
XM_027399180.2,2,1,0.8038969,1
XM_035440155.1,2,0,0.20758519,0
XM_027399167.2,2,1,0.6407633,1
NM_001246765.1,2,0,0.1987951,0
XM_027401900.2,2,1,0.771299,1
XM_035440860.1,2,1,0.43935212,0
XM_027396703.2,2,0,0.20805897,0
XM_035440445.1,2,0,0.3375395,0
XM_027400934.2,2,1,0.5571209,1
XM_027403805.2,2,1,0.09128363,0
XM_035440194.1,2,0,0.67328835,1
XM_027401643.2,2,1,0.49318868,0
XM_027404234.2,2,1,0.44894642,0
XM_027396371.2,2,1,0.6457172,1
XM_027398594.2,2,1,0.13033079,0
XM_035439270.1,2,0,0.280343,0
XM_035439138.1,2,0,0.21345854,0
XM_035440831.1,2,1,0.42209703,0
XM_027401606.2,2,1,0.70056695,1
XM_027403063.1,2,1,0.8401238,1
XM_035439271.1,2,0,0.0057598827,0
XM_035439933.1,2,1,0.5544012,1
XM_027400233.2,2,0,0.38075805,0
XM_027399377.2,2,1,0.80213577,1
XM_027404328.2,2,1,0.79959494,1
XM_027403656.2,2,1,0.21013875,0
XM_027398740.2,2,0,0.4859577,0
XM_035441133.1,2,0,0.6358641,1
XM_027398138.2,2,0,0.15765879,0
XM_035438739.1,2,0,0.24459606,0
XM_027400975.2,2,1,0.5645034,1
XM_027396471.2,2,0,0.6536345,1
XM_027400546.2,2,1,0.7960189,1
XM_027398029.2,2,1,0.6869774,1
XM_035439136.1,2,1,0.19931884,0
XM_027400073.2,2,0,0.54645056,1
XM_027404037.2,2,1,0.741654,1
XM_027401373.2,2,1,0.3475043,0
XM_027400581.2,2,1,0.9052053,1
NM_001244519.1,2,1,0.48185965,0
XM_027403421.2,2,0,0.2654834,0
XM_027401083.2,2,1,0.71237135,1
XM_027402259.2,2,1,0.5247755,1
XM_035441030.1,2,0,0.5416965,1
XM_035438992.1,2,0,0.18078561,0
XM_027396085.2,2,1,0.14852343,0
XM_027400653.2,2,1,0.39832687,0
XM_035441134.1,2,0,0.54784113,1
XM_035439094.1,2,0,0.34748977,0
XM_027402413.2,2,1,0.79292566,1
XM_027404279.2,2,0,0.4020758,0
XM_027400179.2,2,1,0.794104,1
XM_027402716.2,2,0,0.61460876,1
XM_027396232.2,2,1,0.7281602,1
XM_035438811.1,2,0,0.07812589,0
XM_027399219.2,2,1,0.8450065,1
XM_027399587.2,2,0,0.53626794,1
XM_027399620.2,2,0,0.62366545,1
XM_027403172.2,2,1,0.6758124,1
XM_027404113.2,2,0,0.15991043,0
XM_027402278.2,2,0,0.15304457,0
XM_027401530.2,2,0,0.11236461,0
XM_035439864.1,2,0,0.360285,0
XM_027403310.2,2,0,0.5602303,1
XM_027402174.2,2,1,0.22293565,0
XM_027403987.2,2,0,0.35186666,0
XM_035441041.1,2,0,0.08538496,0
XM_035439811.1,2,1,0.1852745,0
XM_027400649.2,2,1,0.65195835,1
XM_027401588.2,2,1,0.77649933,1
NM_001246755.1,2,1,0.7724643,1
XM_027396390.2,2,1,0.73020554,1
XM_027404211.2,2,0,0.1352522,0
XM_027401268.2,2,1,0.34835717,0
XM_027396424.2,2,1,0.42688653,0
XM_027404265.2,2,1,0.44623664,0
XM_027396606.2,2,1,0.63158023,1
XM_027399157.2,2,1,0.8349071,1
XM_027396004.2,2,0,0.63430554,1
XM_027401513.2,2,1,0.57330596,1
XM_035439927.1,2,0,0.48432893,0
XM_027402899.2,2,0,0.6589437,1
XM_027399529.2,2,0,0.34971482,0
NM_001244852.1,2,1,0.25573123,0
XM_027398754.2,2,1,0.82159674,1
XM_027401065.2,2,1,0.80673766,1
XM_027401086.2,2,0,0.5975804,1
XM_027398408.2,2,1,0.29564515,0
XM_027403983.2,2,0,0.3974082,0
XM_027403217.2,2,0,0.28302488,0
XM_035438692.1,2,1,0.31820887,0
XM_027399903.2,2,1,0.5334224,1
XM_027396664.2,2,1,0.668256,1
NM_001244004.1,2,1,0.79537976,1
XM_027401532.2,2,1,0.75004643,1
XM_027401753.2,2,1,0.79945076,1
XM_027404069.2,2,1,0.8205279,1
XM_035440003.1,2,0,0.32930028,0
XM_027399642.2,2,1,0.77857953,1
XM_027403273.2,2,0,0.70909625,1
XM_035438638.1,2,0,0.04177037,0
XM_035438686.1,2,0,0.14876379,0
XM_027399376.2,2,1,0.8259727,1
XM_035439544.1,2,0,0.42802396,0
XM_027402965.2,2,0,0.15729819,0
XM_035438937.1,2,0,0.23258136,0
XM_027396627.2,2,1,0.42800406,0
XM_035438637.1,2,0,0.24591981,0
XM_035438672.1,2,0,0.20305716,0
XM_035438649.1,2,0,0.21668266,0
XM_027402511.2,2,1,0.23821966,0
XM_027400929.2,2,0,0.3389484,0
XM_027399295.1,2,0,0.1289506,0
XM_035440453.1,2,1,0.49988285,0
XM_027399533.2,2,0,0.111416064,0
XM_027403639.2,2,1,0.84268034,1
XM_035440152.1,2,0,0.5572716,1
NM_001246762.1,2,1,0.5991109,1
XM_027400807.2,2,0,0.75563836,1
XM_027400862.2,2,1,0.81443083,1
XM_027401769.2,2,1,0.5868337,1
XM_027401652.2,2,0,0.38863546,0
XM_035441170.1,2,1,0.67992824,1
XM_027403768.1,2,0,0.120012105,0
XM_027399328.2,2,1,0.55478567,1
XM_027399402.2,2,1,0.2800774,0
XM_027403933.2,2,0,0.12406432,0
XM_035439844.1,2,0,0.3257485,0
XM_027400266.2,2,0,0.43574795,0
XM_027403374.2,2,1,0.8245349,1
XM_035440339.1,2,1,0.34202528,0
XM_027396797.2,2,1,0.80658007,1
XM_027397587.2,2,1,0.89533085,1
XM_035440552.1,2,1,0.7212041,1
XM_027400154.2,2,1,0.86279243,1
XM_035440808.1,2,0,0.5624576,1
XM_027396508.2,2,1,0.7717143,1
NM_001246747.1,2,0,0.42014882,0
XM_035438790.1,2,0,0.08805816,0
XM_027396124.2,2,1,0.19478513,0
XM_027403475.2,2,0,0.17352511,0
NM_001243978.1,2,0,0.36038965,0
NM_001243977.1,2,0,0.48256078,0
XM_035440356.1,2,1,0.6809827,1
XM_035440378.1,2,0,0.23430198,0
XM_027403039.2,2,0,0.5744968,1
XM_027402763.2,2,0,0.8295311,1
XM_035438956.1,2,0,0.10035435,0
XM_035438952.1,2,0,0.22634773,0
XM_027398205.2,2,1,0.5279904,1
XM_027400476.2,2,1,0.83756745,1
XM_027398317.2,2,0,0.0926796,0
XM_027397759.2,2,1,0.802204,1
XM_027400686.2,2,1,0.71773595,1
XM_027400819.2,2,1,0.7139979,1
XM_027396820.2,2,1,0.7804575,1
XM_027399755.2,2,0,0.6916332,1
XM_027396180.2,2,0,0.4774459,0
XM_027398476.2,2,1,0.7631158,1
XM_027404102.2,2,1,0.76652616,1
XM_027399095.2,2,1,0.68580145,1
XM_027402375.2,2,1,0.6135116,1
XM_027399381.2,2,0,0.2589737,0
XM_027399378.2,2,1,0.48793972,0
XM_027399242.2,2,0,0.63407326,1
XM_027402049.2,2,0,0.42637113,0
XM_027397271.2,2,1,0.68558395,1
XM_035440516.1,2,0,0.12322387,0
XM_027399079.2,2,1,0.6130981,1
XM_035439686.1,2,1,0.21486817,0
XM_027402113.2,2,1,0.60327387,1
XM_027404859.2,3,1,0.8746397,1
XM_027409139.2,3,1,0.9094318,1
XM_027409156.2,3,1,0.8059295,1
XM_027405506.2,3,0,0.09196118,0
XM_027409451.2,3,0,0.121380076,0
XM_027408655.2,3,1,0.14744747,0
XM_027409059.2,3,0,0.45004308,0
XM_035442598.1,3,0,0.22071834,0
XM_027410076.2,3,0,0.52219087,1
XM_027404848.2,3,0,0.2886158,0
XM_027408725.2,3,1,0.752728,1
XM_027408102.2,3,0,0.10554985,0
XM_027404629.2,3,0,0.71353966,1
XM_027407679.2,3,1,0.58700156,1
XM_027408691.2,3,0,0.76019526,1
XM_035441567.1,3,0,0.16276784,0
XM_035441604.1,3,0,0.2463003,0
XM_027406547.1,3,0,0.42631072,0
XM_035441385.1,3,1,0.10389537,0
XM_027429696.2,3,0,0.34402093,0
XM_027410548.1,3,1,0.32011634,0
XM_027410297.2,3,1,0.9164102,1
XM_027409863.2,3,1,0.6920526,1
XM_027404476.2,3,0,0.6143361,1
XM_027430005.2,3,0,0.28430456,0
XM_027404838.2,3,1,0.92159605,1
XM_027428433.2,3,0,0.20647824,0
XM_027408863.2,3,0,0.565184,1
XM_027410342.2,3,0,0.18790449,0
XM_027408309.2,3,1,0.7587022,1
XM_035442344.1,3,1,0.50419956,1
XM_035448649.1,3,0,0.24625593,0
XM_027410751.2,3,0,0.17887792,0
XM_027429435.2,3,1,0.82340384,1
XM_027407300.2,3,0,0.6238486,1
XM_027405791.2,3,1,0.5935427,1
XM_035448945.1,3,0,0.19447984,0
XM_035442120.1,3,0,0.32781932,0
XM_027408449.2,3,0,0.56778324,1
XM_027408617.2,3,1,0.7534787,1
XM_027410038.2,3,0,0.22341329,0
XM_027406259.2,3,1,0.6142454,1
XM_027407240.2,3,1,0.8277221,1
XM_027410387.2,3,1,0.38772574,0
XM_035442926.1,3,0,0.16148667,0
XM_027408643.2,3,0,0.83068323,1
XM_027408912.2,3,0,0.17032282,0
XM_027428222.2,3,1,0.33694467,0
XM_027410142.2,3,1,0.8906793,1
XM_027409402.2,3,1,0.795805,1
XM_027428344.2,3,1,0.66621107,1
XM_027409083.2,3,0,0.61096597,1
XM_027430004.2,3,0,0.22629571,0
XM_027406183.2,3,1,0.6643368,1
XM_027409722.2,3,1,0.8312288,1
XM_027410694.2,3,0,0.10705544,0
XM_035442550.1,3,0,0.27063435,0
XM_027407093.2,3,0,0.38560307,0
XM_027404842.2,3,0,0.16943492,0
XM_027405600.2,3,0,0.46753195,0
XM_027409964.2,3,0,0.75201875,1
XM_035442057.1,3,0,0.2551482,0
XM_027404935.2,3,0,0.56386447,1
XM_035442736.1,3,0,0.1174884,0
XM_027405778.2,3,1,0.8653927,1
NM_001246702.1,3,1,0.83533126,1
XM_027405708.2,3,0,0.27862132,0
XM_027407601.2,3,1,0.7209716,1
XM_027408607.2,3,1,0.61853075,1
XM_027408660.2,3,0,0.78747725,1
XM_027404864.2,3,1,0.8642521,1
XM_027428522.1,3,0,0.23863038,0
XM_035448492.1,3,0,0.056115564,0
XM_035441894.1,3,0,0.2113911,0
XM_035443105.1,3,0,0.15088269,0
XM_035448967.1,3,0,0.17972717,0
XM_027408540.2,3,0,0.34358284,0
XM_027405926.2,3,0,0.11007323,0
NM_001246825.2,3,1,0.6353489,1
XM_035442093.1,3,1,0.5282969,1
NM_001246718.1,3,1,0.18174422,0
XM_027409940.2,3,0,0.84661,1
XM_027407443.2,3,1,0.9558347,1
XM_027428711.2,3,1,0.39454436,0
XM_027408601.2,3,1,0.57129765,1
XM_027428846.2,3,1,0.8664064,1
XM_027408927.2,3,1,0.8418563,1
XM_027408760.2,3,1,0.8898306,1
XM_027407245.1,3,1,0.80289805,1
XM_027405739.1,3,0,0.3245954,0
XM_027407696.2,3,1,0.9157569,1
XM_027407840.2,3,1,0.6902182,1
XM_027405741.2,3,0,0.67894614,1
XM_027405522.2,3,1,0.8931805,1
XM_027407271.2,3,0,0.2698877,0
XM_027428982.2,3,1,0.45448923,0
XM_027404847.2,3,1,0.8246163,1
XM_027428267.2,3,1,0.79311925,1
XM_035441688.1,3,1,0.38942757,0
XM_027408713.2,3,1,0.54258394,1
XM_027429002.2,3,1,0.6471161,1
XM_027407640.2,3,1,0.61082363,1
XM_027405706.1,3,1,0.662675,1
XM_035442039.1,3,1,0.9311501,1
XM_027408813.2,3,1,0.86105865,1
XM_027409765.2,3,1,0.9543826,1
XM_027405958.2,3,1,0.7109351,1
XM_027407479.2,3,0,0.28876117,0
XM_027429432.2,3,1,0.64573413,1
XM_027409778.2,3,0,0.54413235,1
XM_027429427.2,3,1,0.57375824,1
XM_027405683.2,3,0,0.1703268,0
XM_027428808.2,3,1,0.7997463,1
XM_027409314.2,3,1,0.9165672,1
XM_027409053.2,3,0,0.6458255,1
XM_027407608.2,3,1,0.802266,1
NM_001246743.1,3,1,0.2524967,0
XM_027408327.2,3,1,0.83218664,1
XM_027428684.2,3,1,0.9123029,1
XM_027429543.2,3,1,0.8606989,1
XM_035442622.1,3,0,0.68178433,1
XM_027429112.2,3,1,0.29218173,0
XM_027428231.2,3,1,0.82052374,1
XM_027408331.2,3,1,0.7413749,1
XM_027428741.2,3,0,0.16474968,0
XM_035441565.1,3,0,0.20833862,0
XM_035448796.1,3,0,0.5764019,1
XM_027407457.2,3,1,0.7580829,1
XM_027406021.2,3,0,0.6109409,1
XM_027409796.2,3,0,0.37902558,0
XM_027406730.2,3,0,0.7392898,1
XM_027407573.2,3,0,0.5490895,1
XM_027428581.2,3,1,0.79969656,1
XM_035442459.1,3,0,0.70084035,1
XM_027410592.2,3,1,0.86080277,1
XM_027406246.2,3,1,0.905495,1
XM_035448861.1,3,0,0.1610701,0
XM_027406275.2,3,1,0.68479097,1
XM_035442003.1,3,0,0.28640985,0
XM_035441325.1,3,0,0.3276533,0
XM_035442164.1,3,1,0.817617,1
XM_035441542.1,3,0,0.54026353,1
XM_027405807.2,3,0,0.5459533,1
XM_027428944.2,3,0,0.22346076,0
XM_035442417.1,3,0,0.09682563,0
NM_001244854.2,3,0,0.37172526,0
XM_035442106.1,3,1,0.474329,0
XM_027428404.2,3,1,0.20292771,0
XM_027405112.2,3,1,0.8519846,1
XM_035442534.1,3,1,0.50904703,1
XM_035441748.1,3,0,0.16055346,0
XM_027410729.2,3,1,0.645843,1
XM_027405710.2,3,1,0.85161984,1
XM_027405512.2,3,0,0.4030543,0
XM_027406416.1,3,0,0.20633051,0
XM_027428605.2,3,1,0.9260546,1
XM_027408356.2,3,1,0.44645494,0
XM_027430179.2,3,1,0.91472965,1
XM_035441425.1,3,0,0.16475199,0
XM_027429998.2,3,0,0.17568414,0
XM_035441632.1,3,1,0.3333112,0
XM_027409504.2,3,0,0.48986146,0
XM_027409554.2,3,1,0.37881538,0
XM_027404881.2,3,0,0.25422993,0
XM_027404616.2,3,1,0.8768513,1
XM_035442984.1,3,0,0.46931776,0
XM_035441364.1,3,0,0.25976056,0
XM_027407155.2,3,0,0.59294057,1
XM_027410772.2,3,1,0.60852647,1
XM_027405833.2,3,0,0.6845016,1
XM_027404525.2,3,1,0.36632288,0
XM_027410505.2,3,0,0.8625676,1
XM_027405074.2,3,0,0.8293462,1
XM_027405496.2,3,0,0.2702689,0
XM_027406376.2,3,0,0.77817065,1
XM_027408787.2,3,1,0.74106884,1
XM_027410242.2,3,1,0.36981395,0
XM_027405119.2,3,0,0.32202896,0
XM_035441301.1,3,0,0.5485539,1
XM_035442559.1,3,0,0.17638719,0
XM_027406419.2,3,0,0.64816725,1
XM_027429568.2,3,1,0.3330858,0
XM_027406748.2,3,1,0.8739478,1
XM_027428289.2,3,1,0.7039613,1
NM_001244079.1,3,0,0.8060104,1
XM_027429116.2,3,1,0.833498,1
XM_027404791.2,3,1,0.65546024,1
XM_027405593.2,3,0,0.5706611,1
XM_027405595.2,3,1,0.49162596,0
XM_027408182.2,3,0,0.15063049,0
XM_027428705.2,3,1,0.91917723,1
XM_027405136.2,3,1,0.36543444,0
XM_027429650.2,3,0,0.13326265,0
XM_027404522.2,3,1,0.9289611,1
XM_027429711.2,3,1,0.94499606,1
XM_027407475.1,3,0,0.21485752,0
XM_027409192.2,3,0,0.09465032,0
XM_027408856.2,3,0,0.22325727,0
XM_027408683.2,3,1,0.9401893,1
XM_027408200.2,3,1,0.7726116,1
NM_001291665.1,3,0,0.2778741,0
XM_027406251.2,3,1,0.3989408,0
XM_027410701.2,3,1,0.63050246,1
XM_027409066.2,3,0,0.16217671,0
XM_027409519.2,3,0,0.2960449,0
XM_027407236.2,3,1,0.68159103,1
XM_027407237.2,3,0,0.61656386,1
XM_035441570.1,3,1,0.21141493,0
XM_035441587.1,3,0,0.24065477,0
XM_027408342.2,3,1,0.72547287,1
XM_027410470.2,3,1,0.47341746,0
XM_027409518.2,3,0,0.39138246,0
XM_027409524.2,3,0,0.49974406,0
XM_035441790.1,3,1,0.28665972,0
XM_027407662.2,3,1,0.8037253,1
XM_027428981.2,3,1,0.30840397,0
XM_027409613.2,3,1,0.91917634,1
XM_027407899.2,3,1,0.58867896,1
XM_027410623.2,3,0,0.28241962,0
XM_035442205.1,3,1,0.43041286,0
XM_035442885.1,3,0,0.3259109,0
XM_027407450.2,3,0,0.26335022,0
XM_027429354.2,3,1,0.2536323,0
XM_035441444.1,3,0,0.043005913,0
XM_027409019.2,3,0,0.19935991,0
XM_035442067.1,3,1,0.58579665,1
XM_027429316.2,3,0,0.92702925,1
XM_027428532.2,3,1,0.10795826,0
XM_027429801.2,3,0,0.2051063,0
XM_027408736.2,3,0,0.38786688,0
XM_027409282.2,3,1,0.3808582,0
XM_035443075.1,3,0,0.15939154,0
XM_035442455.1,3,0,0.1304705,0
XM_027406893.2,3,0,0.20917536,0
XM_027409191.2,3,0,0.095613934,0
XM_027410350.2,3,0,0.5432453,1
XM_027405758.2,3,0,0.13342129,0
XM_035441702.1,3,1,0.49402943,0
XM_027406773.1,3,0,0.18792835,0
XM_035448576.1,3,0,0.5306894,1
XM_027428427.2,3,1,0.8644707,1
XM_027409215.1,3,0,0.13738619,0
XM_027409526.2,3,1,0.3611994,0
XM_035448656.1,3,0,0.123964235,0
XM_035448710.1,3,0,0.2052736,0
XM_035448485.1,3,0,0.17598888,0
XM_027404798.2,3,1,0.57711506,1
XM_027409212.2,3,0,0.109817624,0
XM_027409029.2,3,0,0.05792497,0
XM_027429642.2,3,1,0.48706934,0
XM_035442880.1,3,1,0.2540921,0
XM_027410174.2,3,1,0.78698206,1
XM_027409043.2,3,0,0.15562998,0
XM_027405760.2,3,0,0.0975871,0
XM_027428461.2,3,0,0.25526384,0
XM_035441605.1,3,0,0.16410641,0
XM_027429010.2,3,0,0.73620456,1
XM_027408303.2,3,0,0.11335608,0
XM_035442317.1,3,0,0.11113787,0
XM_035443027.1,3,0,0.1872518,0
XM_027409042.2,3,0,0.16587467,0
XM_027406753.2,3,0,0.11409246,0
XM_035442614.1,3,0,0.49556845,0
XM_027405665.2,3,0,0.687461,1
XM_035442144.1,3,0,0.11114981,0
XM_027405098.2,3,0,0.4175363,0
XM_027409535.2,3,0,0.5138947,1
XM_035449012.1,3,0,0.23575081,0
XM_027409545.2,3,0,0.35036892,0
XM_027405094.2,3,0,0.39848265,0
XM_035441452.1,3,0,0.25334942,0
XM_027405611.2,3,0,0.4989258,0
XM_027404733.2,3,0,0.11449969,0
XM_027405609.2,3,0,0.2964399,0
XM_035441683.1,3,0,0.12654716,0
XM_027428934.2,3,0,0.26219958,0
XM_035441905.1,3,0,0.18100579,0
XM_027406044.2,3,1,0.79671144,1
XM_027405771.2,3,0,0.16319975,0
XM_027404869.2,3,0,0.37589687,0
XM_035442128.1,3,0,0.56476897,1
XM_027428773.2,3,0,0.54931265,1
XM_035441649.1,3,1,0.21012503,0
XM_027404756.1,3,0,0.1967483,0
XM_027407898.2,3,0,0.05804335,0
XM_027409367.2,3,0,0.47075704,0
XM_035449061.1,3,0,0.30343506,0
XM_027409547.2,3,0,0.40200818,0
XM_027406366.2,3,0,0.37153152,0
XM_027429553.2,3,1,0.27182272,0
XM_027409528.2,3,1,0.32109326,0
XM_027409510.2,3,1,0.46913645,0
XM_035442875.1,3,1,0.3120439,0
XM_027406370.2,3,0,0.6455391,1
XM_027408834.2,3,0,0.34479928,0
XM_035441620.1,3,1,0.08861114,0
XM_027428792.2,3,0,0.45218885,0
XM_035443007.1,3,1,0.7356416,1
XM_027406333.2,3,0,0.5550449,1
XM_027410316.2,3,1,0.18961677,0
XM_027409601.2,3,0,0.4065874,0
XM_027429819.2,3,0,0.65433675,1
XM_027428393.2,3,0,0.19107881,0
XM_035442509.1,3,1,0.6867242,1
XM_035442450.1,3,1,0.647182,1
XM_027407358.2,3,1,0.8909875,1
XM_027406521.2,3,1,0.53167784,1
XM_027406770.2,3,0,0.18596259,0
XM_035441630.1,3,0,0.27170625,0
XM_035441641.1,3,0,0.25732744,0
XM_027404572.2,3,1,0.26994696,0
XM_035442061.1,3,0,0.74872667,1
XM_035441675.1,3,0,0.21107362,0
XM_035442981.1,3,1,0.26190567,0
XM_035441617.1,3,1,0.33887482,0
XM_027406096.1,3,0,0.29774448,0
XM_027406769.2,3,0,0.1865117,0
XM_027407321.2,3,1,0.62157094,1
XM_035442343.1,3,0,0.18426766,0
XM_035441648.1,3,0,0.04488757,0
XM_027428398.2,3,0,0.86532843,1
XM_027428736.1,3,0,0.21427278,0
XM_027428842.2,3,0,0.49829602,0
XM_027429744.2,3,0,0.42428914,0
XM_027408375.2,3,0,0.5170811,1
XM_035449050.1,3,0,0.24258998,0
XM_035441732.1,3,1,0.16417322,0
XM_035442613.1,3,0,0.10345687,0
XM_035448715.1,3,0,0.15734029,0
XM_027428263.2,3,0,0.44743434,0
XM_035448648.1,3,0,0.86055946,1
XM_035442228.1,3,0,0.48820648,0
XM_027409450.2,3,1,0.8261531,1
XM_035441885.1,3,1,0.5624201,1
XM_027406757.2,3,1,0.25943112,0
XM_035443086.1,3,0,0.109548084,0
XM_027407770.2,3,1,0.53982836,1
XM_027405513.2,3,1,0.7465922,1
XM_035448493.1,3,0,0.48711696,0
XM_035442586.1,3,0,0.81462044,1
XM_027428229.2,3,0,0.85872436,1
XM_027428925.2,3,1,0.8133398,1
XM_027428486.2,3,1,0.6417562,1
XM_035448608.1,3,1,0.19856088,0
XM_035449047.1,3,1,0.18351452,0
XM_027404902.2,3,1,0.871755,1
XM_027428323.2,3,1,0.6849887,1
XM_027408799.2,3,1,0.9113831,1
XM_035442548.1,3,0,0.45073107,0
XM_035442928.1,3,0,0.21002874,0
XM_027406277.2,3,1,0.7503749,1
XM_027430074.2,3,0,0.44479248,0
XM_027410708.2,3,1,0.90874696,1
XM_027407746.2,3,1,0.09407173,0
XM_027404590.2,3,1,0.5970936,1
XM_027428668.2,3,1,0.8924155,1
XM_027410748.2,3,1,0.4336138,0
XM_027430101.2,3,1,0.75757563,1
XM_027407556.2,3,0,0.5471887,1
XM_035441789.1,3,0,0.53659093,1
XM_027429934.2,3,0,0.446209,0
XM_027429168.2,3,0,0.5139471,1
XM_027408077.2,3,1,0.8046943,1
XM_027409389.2,3,1,0.7119786,1
XM_027408789.2,3,0,0.5094006,1
XM_027406648.2,3,1,0.60435194,1
XM_027408172.2,3,0,0.65389776,1
XM_027430077.2,3,1,0.54010457,1
XM_027406667.2,3,0,0.08247305,0
XM_035441560.1,3,0,0.19082816,0
NM_001244576.1,3,0,0.09298324,0
XM_035441989.1,3,1,0.6879073,1
XM_027410714.2,3,1,0.8662601,1
XM_027410664.2,3,0,0.7755856,1
XM_035441522.1,3,0,0.24213374,0
XM_035441586.1,3,0,0.11633906,0
XM_035442554.1,3,1,0.77525014,1
XM_027407671.2,3,1,0.907025,1
XM_035448820.1,3,1,0.21490687,0
XM_035442606.1,3,0,0.05660264,0
XM_027406160.2,3,1,0.49946132,0
XM_027407681.2,3,1,0.75605065,1
XM_027408738.2,3,1,0.75210476,1
XM_035442712.1,3,0,0.14945775,0
XM_035441671.1,3,0,0.24221145,0
NM_001244100.1,3,0,0.47608876,0
XM_027429620.2,3,0,0.1604243,0
XM_027407135.2,3,1,0.8331609,1
XM_027409965.2,3,0,0.7491251,1
XM_035441396.1,3,0,0.069730654,0
XM_035441276.1,3,0,0.28263998,0
NM_001244292.1,3,1,0.9631132,1
XM_027410446.2,3,0,0.76292056,1
XM_027428301.2,3,1,0.5634582,1
XM_027407166.2,3,0,0.89876145,1
XM_027405950.2,3,0,0.5750538,1
XM_027409279.2,3,1,0.6852444,1
XM_035441622.1,3,1,0.26341113,0
XM_035442008.1,3,1,0.35150677,0
XM_035442809.1,3,1,0.64688003,1
XM_027428425.2,3,1,0.92589575,1
XM_027408740.2,3,1,0.56654555,1
XM_027405044.2,3,0,0.10551264,0
XM_027429829.2,3,0,0.5983666,1
XM_027409939.2,3,0,0.043879274,0
XM_027410770.2,3,0,0.3473304,0
XM_027404888.2,3,1,0.96207535,1
XM_035442348.1,3,0,0.003084651,0
XM_027406398.2,3,0,0.71358603,1
XM_027410101.2,3,1,0.8235512,1
XM_027407832.2,3,0,0.4506759,0
XM_027407437.2,3,0,0.28952506,0
XM_035442040.1,3,0,0.17084707,0
XM_035442934.1,3,0,0.20239326,0
XM_027405985.2,3,1,0.8156574,1
XM_027405191.2,3,0,0.4678346,0
XM_035448878.1,3,0,0.087281585,0
XM_027407239.2,3,0,0.22157884,0
XM_027409008.2,3,0,0.58796656,1
XM_027406454.2,3,1,0.6101156,1
XM_027406115.2,3,0,0.22804976,0
XM_027429549.1,3,0,0.37620848,0
XM_027407167.1,3,1,0.6982811,1
XM_027405667.2,3,1,0.79714173,1
XM_027408362.2,3,1,0.48042518,0
NM_001244281.1,3,1,0.02073863,0
XM_027408704.2,3,1,0.71147454,1
XM_027404632.2,3,1,0.87566316,1
XM_027428977.2,3,1,0.9125658,1
XM_027408249.2,3,1,0.95098495,1
XM_027408457.2,3,1,0.8298467,1
XM_027428416.2,3,1,0.6802964,1
XM_035441287.1,3,0,0.3112635,0
XM_027410503.2,3,1,0.9191504,1
XM_035443043.1,3,0,0.3463491,0
XM_027410133.2,3,0,0.6943664,1
XM_027405876.2,3,0,0.43230513,0
XM_027405954.2,3,0,0.83121234,1
NM_001246707.1,3,1,0.79388183,1
XM_035441653.1,3,1,0.15275961,0
XM_027428228.2,3,0,0.6331164,1
XM_027406467.2,3,1,0.81977296,1
XM_035441614.1,3,0,0.13502203,0
XM_027430220.2,3,0,0.22736579,0
XM_035448584.1,3,1,0.6005222,1
XM_027405479.2,3,1,0.8591526,1
XM_027408634.2,3,1,0.8173854,1
XM_027409820.2,3,1,0.84251726,1
XM_027407593.2,3,0,0.14854336,0
XM_035442750.1,3,1,0.7183261,1
XM_027404680.2,3,1,0.7435144,1
XM_027406242.2,3,1,0.63404214,1
XM_027407540.2,3,0,0.6545345,1
XM_027410110.2,3,0,0.4957344,0
XM_027410282.2,3,1,0.9262307,1
XM_027428637.2,3,1,0.19101742,0
XM_027408250.2,3,1,0.6148559,1
XM_027406442.2,3,1,0.62986165,1
XM_027408411.2,3,0,0.86556995,1
XM_035449045.1,3,0,0.11637877,0
XM_035448851.1,3,0,0.1919318,0
XM_027429250.2,3,0,0.25156727,0
XM_027406558.2,3,1,0.76618594,1
XM_027404868.2,3,0,0.6819071,1
NM_001246803.2,3,1,0.39050907,0
XM_027410154.1,3,1,0.6177203,1
XM_027408463.2,3,1,0.49273023,0
XM_027410131.2,3,1,0.83534443,1
XM_027407320.2,3,1,0.8783854,1
XM_035442819.1,3,1,0.64648104,1
XM_027429402.2,3,1,0.5340337,1
XM_027407555.2,3,0,0.7291622,1
XM_035441665.1,3,1,0.3224206,0
XM_035449002.1,3,0,0.07239686,0
XM_027410062.2,3,0,0.23035152,0
XM_027408552.2,3,1,0.8241061,1
XM_027408274.2,3,1,0.9335067,1
XM_027429122.2,3,1,0.6841561,1
XM_035442972.1,3,1,0.64544463,1
XM_035441809.1,3,0,0.3433263,0
XM_027409287.2,3,0,0.37724447,0
NM_001246760.1,3,1,0.22529842,0
XM_027406001.1,3,1,0.84792143,1
XM_035448868.1,3,0,0.14459063,0
XM_035441788.1,3,1,0.58308613,1
XM_027407201.2,3,1,0.5060804,1
XM_027409015.2,3,0,0.47350782,0
XM_027405298.2,3,1,0.5636972,1
XM_035441741.1,3,1,0.14594285,0
XM_027408846.2,3,0,0.26089114,0
XM_035448581.1,3,0,0.52386916,1
XM_027408646.2,3,1,0.5209856,1
XM_035441543.1,3,0,0.15552785,0
XM_027405918.2,3,1,0.74589485,1
XM_035441351.1,3,0,0.19338825,0
XM_027404646.2,3,1,0.4681586,0
XM_027410384.2,3,0,0.8414967,1
XM_027408521.2,3,0,0.56587,1
XM_027405537.2,3,0,0.49590576,0
XM_035442268.1,3,0,0.21790755,0
XM_027410617.2,3,0,0.50544864,1
XM_027406450.2,3,1,0.62361526,1
XM_027407763.1,3,1,0.7674399,1
XM_027404582.2,3,0,0.64863896,1
XM_027410130.2,3,0,0.14700857,0
XM_027428260.2,3,0,0.6138379,1
NM_001246759.1,3,1,0.16870509,0
XM_035441347.1,3,0,0.46410373,0
NM_001246678.1,3,1,0.94317013,1
XM_027407066.2,3,1,0.51539016,1
XM_027429930.2,3,1,0.8517944,1
XM_027404526.2,3,1,0.8036275,1
XM_035442496.1,3,0,0.3860155,0
XM_035441585.1,3,0,0.21824865,0
XM_035442095.1,3,0,0.38435078,0
XM_027408535.2,3,1,0.7716658,1
XM_035448808.1,3,1,0.7069723,1
XM_027407091.2,3,0,0.8372545,1
XM_027429143.2,3,0,0.8571478,1
XM_027404795.2,3,0,0.73770505,1
XM_035449003.1,3,0,0.8825869,1
XM_027404625.2,3,0,0.48576874,0
XM_027409333.2,3,1,0.9470357,1
XM_027409682.2,3,0,0.44824436,0
XM_027428571.2,3,1,0.86628586,1
XM_027410399.2,3,0,0.60400087,1
XM_027428628.2,3,0,0.39521286,0
XM_027404481.2,3,1,0.4460135,0
XM_027409875.2,3,1,0.73393494,1
XM_027410184.2,3,1,0.93123066,1
XM_027428348.1,3,1,0.8985644,1
XM_027406692.2,3,1,0.4074545,0
XM_027404622.2,3,0,0.45808274,0
XM_027407472.2,3,0,0.6631867,1
XM_027407191.2,3,0,0.62052333,1
XM_027407338.2,3,1,0.8741465,1
XM_027406701.2,3,1,0.2906784,0
XM_027408637.2,3,0,0.22184464,0
XM_027428468.2,3,0,0.28871053,0
XM_027410063.2,3,1,0.8629544,1
XM_027408970.2,3,1,0.6459179,1
XM_027410060.2,3,1,0.8449681,1
XM_027430055.2,3,1,0.91286653,1
XM_027404789.2,3,1,0.9372206,1
XM_027428259.2,3,1,0.7501661,1
XM_027409994.2,3,0,0.7570251,1
XM_035448964.1,3,1,0.57095623,1
XM_027405792.2,3,0,0.81766057,1
XM_027409366.2,3,1,0.25117168,0
XM_035441294.1,3,1,0.6050636,1
XM_027407120.2,3,1,0.73373854,1
XM_027406897.2,3,1,0.7051479,1
XM_035448803.1,3,0,0.2975327,0
XM_027408859.2,3,0,0.81760067,1
XM_027408039.2,3,0,0.029633645,0
XM_027407314.2,3,1,0.7942602,1
XM_027409122.2,3,1,0.66782385,1
XM_035442601.1,3,1,0.3913159,0
XM_027429342.2,3,0,0.6505867,1
XM_027428314.2,3,1,0.58777004,1
XM_027429485.2,3,1,0.46428686,0
XM_027429487.2,3,0,0.35458064,0
XM_027405246.2,3,1,0.68996227,1
NM_001265617.2,3,0,0.16040449,0
XM_027406313.2,3,1,0.9070009,1
XM_027410171.2,3,1,0.73661834,1
NM_001244293.1,3,1,0.8177643,1
XM_027429910.2,3,1,0.73862755,1
XM_027410071.2,3,1,0.929525,1
XM_035441352.1,3,0,0.702407,1
XM_027409289.2,3,1,0.7428941,1
XM_027428410.2,3,1,0.922396,1
XM_027406595.2,3,1,0.8875217,1
NM_001244298.1,3,1,0.8779232,1
XM_027404518.2,3,1,0.8280788,1
XM_027413860.1,4,0,0.774348,1
XM_027415211.1,4,1,0.69788986,1
XM_035443323.1,4,1,0.22252834,0
XM_027421557.2,4,1,0.80511475,1
XM_035444459.1,4,0,0.13352656,0
XM_027422357.1,4,0,0.25605926,0
XM_027414351.2,4,0,0.32094213,0
XM_035446222.1,4,1,0.4518755,0
XM_027412185.2,4,0,0.41233534,0
XM_027421563.2,4,0,0.23506221,0
XM_027421379.2,4,0,0.5263209,1
XM_027422263.2,4,0,0.30563927,0
XM_027421238.2,4,1,0.6366538,1
XM_027420398.2,4,0,0.41834554,0
XM_027411222.2,4,1,0.9220889,1
XM_035446936.1,4,1,0.17024349,0
XM_027411733.2,4,0,0.27967897,0
XM_035444779.1,4,1,0.4475797,0
XM_027412774.2,4,1,0.39308056,0
XM_027419887.2,4,0,0.636936,1
XM_027420668.2,4,1,0.60654795,1
XM_027413054.2,4,1,0.5958201,1
XM_027412161.2,4,1,0.7306695,1
XM_027415983.2,4,0,0.44492686,0
XM_027422413.2,4,1,0.28788438,0
XM_027413726.2,4,0,0.3923688,0
XM_027414538.2,4,0,0.37005976,0
XM_027416023.2,4,1,0.8342131,1
XM_027414810.2,4,1,0.87192,1
XM_027416219.2,4,1,0.8612239,1
XM_027414537.2,4,1,0.30577242,0
XM_027421566.2,4,1,0.88315696,1
XM_035444500.1,4,0,0.6242892,1
XM_027411977.2,4,1,0.836298,1
XM_027422527.2,4,1,0.9067434,1
XM_035447073.1,4,0,0.12549956,0
XM_027420430.2,4,1,0.78887486,1
XM_035444618.1,4,0,0.05402724,0
XM_027422804.2,4,1,0.35018334,0
XM_035447126.1,4,0,0.3386293,0
XM_027421901.2,4,0,0.2086216,0
XM_035443303.1,4,1,0.9246948,1
XM_027420158.2,4,0,0.7185462,1
XM_027411997.2,4,0,0.7194252,1
XM_027420892.1,4,1,0.4848021,0
XM_027415331.2,4,1,0.62502223,1
XM_027410979.2,4,0,0.2260698,0
XM_027411381.2,4,0,0.49256325,0
XM_027421857.2,4,1,0.68977267,1
XM_027420708.2,4,1,0.47449443,0
XM_035446648.1,4,0,0.5487589,1
XM_035443157.1,4,0,0.19481486,0
XM_027414210.2,4,0,0.37427735,0
XM_027421913.2,4,1,0.64516,1
XM_027411132.2,4,0,0.41671526,0
XM_035443293.1,4,1,0.823176,1
XM_027413523.2,4,1,0.46671268,0
XM_027413569.2,4,1,0.71808785,1
XM_027421760.2,4,1,0.7707583,1
XM_035443688.1,4,0,0.0911924,0
XM_027412318.2,4,0,0.059487138,0
XM_027411553.2,4,0,0.11597881,0
XM_027412433.2,4,1,0.9313328,1
XM_035447078.1,4,0,0.27758592,0
XM_027412060.2,4,0,0.64296985,1
XM_027422116.2,4,0,0.35136625,0
XM_027422363.2,4,0,0.3236094,0
XM_035443527.1,4,1,0.6267848,1
XM_027414625.2,4,1,0.6744772,1
XM_035443321.1,4,1,0.5465305,1
XM_035444327.1,4,0,0.22015312,0
XM_027415149.2,4,1,0.9128101,1
XM_027411239.2,4,1,0.6540145,1
XM_027412311.2,4,0,0.30632633,0
XM_027415509.2,4,0,0.15259206,0
XM_027413946.2,4,0,0.5737885,1
XM_027423062.2,4,0,0.13339643,0
XM_035443452.1,4,1,0.7628546,1
XM_027412510.2,4,1,0.8003731,1
XM_035444119.1,4,0,0.40824538,0
XM_027421600.2,4,0,0.75474846,1
XM_035444120.1,4,0,0.4846654,0
XM_027411088.2,4,1,0.8737763,1
XM_027421835.2,4,1,0.23941028,0
NM_001244005.2,4,0,0.49946836,0
XM_027412427.2,4,1,0.76568806,1
XM_027410940.2,4,0,0.5303504,1
XM_027422037.2,4,0,0.52412033,1
XM_035444576.1,4,0,0.33768362,0
XM_027412451.2,4,1,0.803853,1
XM_027415508.2,4,0,0.6693637,1
XM_027411332.2,4,1,0.8075251,1
XM_035443433.1,4,0,0.03229535,0
XM_027412475.2,4,1,0.85611004,1
XM_027415309.2,4,1,0.40044415,0
XM_027415302.2,4,1,0.86274415,1
XM_027419925.2,4,0,0.21592508,0
XM_035444199.1,4,0,0.24494323,0
XM_035444234.1,4,1,0.38532582,0
XM_035446352.1,4,0,0.21355951,0
XM_027412176.2,4,1,0.4075523,0
XM_027422398.2,4,0,0.18314534,0
XM_027414984.2,4,0,0.26942343,0
XM_027413622.2,4,1,0.750817,1
XM_027422450.2,4,1,0.7979541,1
XM_027414963.1,4,1,0.54834855,1
XM_027421258.2,4,1,0.59507084,1
XM_027419853.1,4,1,0.40845814,0
XM_027422849.2,4,0,0.13695124,0
XM_035446592.1,4,1,0.49629205,0
XM_027414282.2,4,0,0.81171393,1
XM_027414137.2,4,1,0.7267197,1
XM_035444686.1,4,0,0.3483205,0
XM_035446133.1,4,0,0.4528878,0
XM_027412144.2,4,1,0.8357794,1
XM_035447049.1,4,0,0.3465251,0
XM_027412993.2,4,1,0.84397477,1
XM_027416163.2,4,0,0.46084082,0
XM_027423452.2,4,1,0.76873434,1
XM_027423178.2,4,0,0.7360908,1
NM_001244041.1,4,1,0.5954807,1
XM_027422258.2,4,1,0.93318105,1
NM_001246685.1,4,0,0.67187303,1
XM_035447071.1,4,0,0.2633668,0
XM_027411696.1,4,1,0.5780731,1
XM_027421288.2,4,1,0.82098323,1
XM_035446753.1,4,0,0.38093495,0
XM_027414393.2,4,0,0.6452381,1
XM_027415305.2,4,1,0.7369042,1
XM_027423135.2,4,1,0.2669048,0
XM_027411800.2,4,1,0.84455264,1
XM_027413593.2,4,1,0.8958941,1
XM_027413066.2,4,1,0.73368186,1
XM_027411469.2,4,1,0.39235237,0
XM_027413030.2,4,1,0.8514061,1
XM_027416149.2,4,1,0.88477933,1
XM_035444201.1,4,0,0.02527696,0
XM_035445997.1,4,1,0.33372834,0
XM_027420575.2,4,0,0.33775574,0
XM_035444646.1,4,0,0.22935952,0
XM_027421352.2,4,1,0.7603374,1
XM_035446853.1,4,0,0.354542,0
XM_027411826.2,4,0,0.37914908,0
XM_027413155.2,4,1,0.73188126,1
XM_027411771.2,4,1,0.800815,1
XM_035446924.1,4,0,0.33370838,0
XM_027411155.2,4,1,0.79058105,1
XM_035444304.1,4,0,0.3160711,0
XM_035444452.1,4,0,0.10880791,0
XM_027421236.2,4,0,0.6700341,1
XM_027420237.2,4,1,0.6190166,1
XM_027411301.2,4,1,0.3634352,0
XM_027422349.2,4,1,0.88414323,1
XM_035444163.1,4,0,0.26735798,0
XM_027420686.2,4,1,0.32067087,0
XM_027415106.2,4,1,0.7488894,1
XM_027422288.2,4,0,0.28972158,0
XM_035443820.1,4,0,0.3259217,0
XM_035446189.1,4,1,0.7229577,1
XM_027422389.2,4,1,0.514101,1
XM_027422613.2,4,1,0.91052526,1
XM_035446584.1,4,0,0.17752646,0
XM_027420060.2,4,0,0.33958247,0
XM_035444355.1,4,0,0.6287765,1
XM_035446464.1,4,0,0.39204404,0
XM_027410922.2,4,0,0.89989007,1
XM_027414247.2,4,1,0.12744498,0
NM_001244053.1,4,1,0.7498696,1
XM_035447043.1,4,0,0.17456125,0
XM_035444780.1,4,0,0.08366611,0
XM_027410833.2,4,0,0.2008883,0
NM_001256788.1,4,0,0.41713715,0
XM_035444147.1,4,0,0.2863512,0
XM_027422855.2,4,0,0.40487364,0
XM_027412708.2,4,1,0.7423497,1
XM_027423079.2,4,1,0.8597678,1
XM_035446611.1,4,0,0.21798027,0
XM_035446967.1,4,0,0.1435098,0
XM_027412913.2,4,0,0.41004843,0
XM_027414890.2,4,1,0.63799113,1
XM_027411926.2,4,1,0.5780837,1
XM_027412172.2,4,0,0.28043216,0
XM_027420644.2,4,0,0.2467762,0
XM_027415905.2,4,1,0.6358465,1
NM_001246729.1,4,0,0.6753204,1
XM_027416193.2,4,0,0.44037008,0
XM_027414191.1,4,0,0.32416034,0
NM_001246754.1,4,0,0.28744492,0
XM_035444483.1,4,0,0.3213464,0
XM_027412314.1,4,0,0.3422262,0
XM_027411792.2,4,0,0.4073289,0
NM_001246690.1,4,1,0.6707744,1
XM_027421494.2,4,0,0.41703635,0
XM_027423195.2,4,0,0.4149479,0
XM_027415585.2,4,1,0.70779395,1
XM_027415009.2,4,1,0.44148198,0
NM_001246822.1,4,1,0.7401681,1
XM_035443741.1,4,0,0.34479865,0
XM_027413494.2,4,1,0.7517439,1
XM_027414928.2,4,0,0.4712949,0
XM_035444221.1,4,1,0.33873385,0
XM_035446632.1,4,0,0.3526679,0
XM_027421778.2,4,1,0.6926784,1
XM_027422151.2,4,1,0.65111166,1
XM_027415143.2,4,1,0.62374777,1
XM_027420664.2,4,0,0.2753091,0
XM_027423481.2,4,0,0.4331062,0
XM_027419937.2,4,0,0.42139274,0
XM_027413575.2,4,1,0.6091454,1
XM_027410814.2,4,0,0.19453673,0
XM_035444083.1,4,0,0.10794499,0
NM_001243981.1,4,1,0.5149864,1
XM_035446810.1,4,0,0.37326425,0
XM_035443560.1,4,0,0.3244246,0
XM_027413754.2,4,0,0.41828856,0
XM_027414681.2,4,1,0.80019337,1
XM_027420228.2,4,1,0.8151275,1
XM_027415450.2,4,0,0.3707497,0
XM_027413921.2,4,1,0.7831291,1
XM_035444688.1,4,0,0.33878183,0
XM_035446786.1,4,0,0.4827812,0
XM_027413330.2,4,0,0.40371794,0
XM_027420715.2,4,0,0.27002585,0
XM_027412121.2,4,0,0.0910641,0
XM_027410832.2,4,0,0.55232084,1
XM_027423289.2,4,0,0.54692674,1
XM_035446529.1,4,0,0.45448482,0
XM_027416096.2,4,1,0.8566738,1
XM_027411812.2,4,0,0.2984317,0
XM_027411810.2,4,0,0.38614184,0
XM_035443738.1,4,1,0.55740327,1
XM_027420052.2,4,0,0.4390525,0
XM_027421369.2,4,1,0.5980291,1
XM_035446988.1,4,1,0.6501963,1
XM_027422204.2,4,1,0.8789168,1
XM_027415368.2,4,1,0.5454473,1
XM_027411587.2,4,1,0.45704493,0
XM_027413207.2,4,0,0.64362955,1
XM_035446701.1,4,0,0.28080383,0
XM_035444197.1,4,0,0.29598254,0
XM_027412308.2,4,0,0.15607283,0
XM_027411072.2,4,0,0.5077678,1
XM_035446580.1,4,0,0.39946583,0
XM_035444379.1,4,0,0.1687561,0
XM_027411932.2,4,1,0.50023323,1
XM_035446233.1,4,1,0.9756368,1
XM_027422620.2,4,0,0.33794796,0
XM_027415200.2,4,0,0.6927762,1
XM_035444109.1,4,0,0.19928156,0
XM_027422738.2,4,0,0.10193904,0
XM_027415191.2,4,0,0.40695605,0
XM_027411839.2,4,0,0.40531912,0
XM_027422777.2,4,0,0.4991984,0
XM_027410998.2,4,1,0.8129394,1
XM_027414333.2,4,0,0.34343526,0
XM_027415172.2,4,0,0.64232284,1
XM_035444104.1,4,1,0.09597314,0
XM_027421011.1,4,0,0.28830236,0
XM_027415960.2,4,1,0.86534965,1
XM_027423462.2,4,1,0.5799744,1
XM_035443489.1,4,1,0.11854738,0
XM_027414395.2,4,1,0.51156807,1
XM_027414697.2,4,0,0.36758956,0
XM_035447058.1,4,0,0.0079085,0
XM_027412290.2,4,0,0.34429336,0
XM_027423604.2,4,1,0.64433056,1
XM_027414259.2,4,1,0.79065555,1
XM_027414615.2,4,1,0.74487436,1
XM_027414126.2,4,0,0.14103235,0
XM_027412062.2,4,0,0.3388439,0
XM_027414125.2,4,0,0.14228359,0
XM_027414463.2,4,1,0.594077,1
XM_027420976.2,4,0,0.5145099,1
XM_027411854.2,4,0,0.49118593,0
XM_035444236.1,4,0,0.40736237,0
XM_027421192.1,4,0,0.19941458,0
XM_027415087.2,4,1,0.8160431,1
XM_035446822.1,4,0,0.2106397,0
XM_035446564.1,4,1,0.38468674,0
XM_027414089.2,4,0,0.74509203,1
XM_035446565.1,4,0,0.3921475,0
XM_035446605.1,4,0,0.16916746,0
XM_027411464.2,4,1,0.749137,1
XM_035444118.1,4,1,0.11656073,0
XM_027415941.2,4,0,0.7714315,1
XM_035443582.1,4,1,0.39501476,0
XM_027420185.2,4,0,0.3272343,0
XM_027416044.2,4,0,0.76439553,1
XM_035447137.1,4,1,0.07960315,0
XM_027413149.2,4,1,0.6697753,1
XM_027411445.2,4,1,0.67925185,1
XM_035446534.1,4,0,0.25991753,0
XM_035443388.1,4,0,0.24338266,0
XM_027415557.1,4,0,0.30443904,0
XM_027413853.2,4,1,0.24084024,0
XM_035444430.1,4,0,0.3644453,0
XM_035446568.1,4,1,0.38255158,0
XM_035443876.1,4,0,0.41349754,0
XM_035444230.1,4,1,0.3471972,0
XM_035444492.1,4,0,0.179757,0
XM_035443598.1,4,0,0.40462312,0
XM_027413439.2,4,0,0.16394508,0
XM_027414401.2,4,1,0.39946926,0
XM_035444194.1,4,0,0.42293563,0
XM_035443324.1,4,0,0.33083072,0
XM_027415582.2,4,0,0.17664562,0
XM_027415629.2,4,0,0.45618376,0
XM_035444170.1,4,0,0.23565531,0
XM_035447055.1,4,1,0.52730376,1
XM_027422179.2,4,0,0.33435285,0
XM_027422196.2,4,1,0.41564718,0
XM_027422206.2,4,0,0.44857138,0
XM_035447095.1,4,0,0.29238802,0
XM_027423616.1,4,0,0.33902028,0
XM_035443812.1,4,0,0.24497467,0
XM_035447056.1,4,1,0.32588798,0
XM_035444229.1,4,0,0.34746727,0
XM_035447047.1,4,0,0.09262496,0
XM_035446386.1,4,1,0.44394514,0
XM_035446992.1,4,0,0.22782907,0
XM_027423866.2,4,0,0.17395164,0
XM_027415253.1,4,1,0.5397517,1
XM_027414842.2,4,1,0.554179,1
XM_027416145.2,4,0,0.52129894,1
NM_001246681.1,4,0,0.7289413,1
XM_027423811.2,4,0,0.11930905,0
NM_001246823.1,4,1,0.3797104,0
XM_027413513.2,4,0,0.5450985,1
NM_001246810.2,4,1,0.023699746,0
XM_027422295.2,4,1,0.76305795,1
XM_035444505.1,4,0,0.29479057,0
XM_035444258.1,4,0,0.60554206,1
XM_027414964.2,4,1,0.119328916,0
XM_035446754.1,4,0,0.73433125,1
XM_027413353.2,4,0,0.2023712,0
XM_027414915.2,4,1,0.46819785,0
XM_035444012.1,4,0,0.4420954,0
XM_035447122.1,4,0,0.010986802,0
XM_027412894.1,4,1,0.8813796,1
XM_027414717.2,4,0,0.3702134,0
XM_035446323.1,4,0,0.7863835,1
XM_035447060.1,4,1,0.24400088,0
XM_027414444.2,4,1,0.582593,1
XM_027414087.2,4,1,0.77726364,1
XM_027415248.2,4,1,0.5747266,1
XM_027411910.2,4,0,0.34782326,0
XM_035444162.1,4,1,0.4006595,0
XM_027413435.2,4,1,0.59905994,1
XM_035443213.1,4,1,0.4451475,0
XM_035444222.1,4,0,0.13511115,0
XM_027413271.2,4,0,0.31446567,0
XM_027415998.2,4,0,0.83481646,1
XM_027415182.2,4,0,0.21047466,0
XM_027415185.2,4,0,0.250072,0
XM_027421366.2,4,1,0.51609355,1
XM_027416218.2,4,0,0.1623316,0
XM_027421276.2,4,1,0.75902915,1
XM_027411477.2,4,1,0.8167129,1
XM_027413106.2,4,1,0.4950283,0
XM_027421794.2,4,0,0.49247774,0
XM_027422606.2,4,1,0.88222146,1
XM_027419874.2,4,1,0.6217728,1
XM_035446081.1,4,0,0.57342815,1
XM_027411081.2,4,1,0.37732664,0
XM_027412796.2,4,1,0.4765439,0
XM_035443239.1,4,0,0.55119276,1
XM_027415369.2,4,1,0.5872886,1
XM_035447108.1,4,0,0.32469666,0
XM_035446040.1,4,1,0.45849034,0
XM_035446507.1,4,0,0.51663446,1
XM_027411146.2,4,0,0.34236082,0
XM_035444644.1,4,0,0.28804725,0
XM_027412357.2,4,0,0.8127169,1
XM_035444543.1,4,1,0.90649515,1
XM_027421552.2,4,1,0.86090565,1
XM_027420070.2,4,1,0.41327354,0
XM_027414584.2,4,1,0.4672579,0
XM_027423448.2,4,1,0.40038413,0
XM_027423325.2,4,0,0.2752865,0
XM_027413823.2,4,1,0.69116586,1
XM_027419916.2,4,0,0.2026836,0
XM_027412140.2,4,1,0.8344328,1
XM_027415899.2,4,1,0.43894053,0
XM_027421460.2,4,0,0.30551776,0
XM_027422281.1,4,1,0.35761636,0
XM_027422971.2,4,1,0.752052,1
XM_027422873.2,4,1,0.48925874,0
XM_027419846.2,4,0,0.14766453,0
XM_027414345.2,4,1,0.8108917,1
XM_035444563.1,4,0,0.37877703,0
XM_035446239.1,4,1,0.673863,1
XM_027412439.2,4,1,0.8232979,1
XM_027420624.2,4,1,0.7274477,1
XM_027413505.2,4,1,0.69061995,1
XM_027422158.2,4,1,0.764034,1
XM_027420893.2,4,0,0.20006575,0
NM_001291906.1,4,0,0.8276908,1
XM_027413602.2,4,0,0.28842235,0
XM_027415012.2,4,0,0.38009742,0
XM_027423648.2,4,0,0.28238437,0
XM_027415312.2,4,1,0.59157264,1
XM_027423501.2,4,1,0.60986704,1
XM_027413182.2,4,0,0.35892332,0
XM_027423478.2,4,0,0.49251825,0
XM_035444220.1,4,0,0.21340406,0
XM_035446856.1,4,1,0.33812293,0
XM_035446732.1,4,0,0.3795319,0
XM_027415748.1,4,1,0.63507605,1
XM_027423735.2,4,1,0.72441894,1
XM_027423433.2,4,1,0.54855216,1
NM_001246768.1,4,0,0.6574252,1
XM_027412770.2,4,1,0.6956057,1
XM_027415861.2,4,1,0.6746508,1
XM_027414068.2,4,1,0.49655128,0
XM_027423699.2,4,0,0.77098,1
XM_027413816.2,4,0,0.3715531,0
XM_027411969.2,4,1,0.61702543,1
XM_027411321.2,4,1,0.53800213,1
XM_035446403.1,4,0,0.23995446,0
XM_027412137.2,4,0,0.03343012,0
XM_027414369.2,4,1,0.69329846,1
XM_027411461.2,4,1,0.7487588,1
XM_027415920.2,4,1,0.8368553,1
XM_035444169.1,4,0,0.40493894,0
XM_027420109.2,4,0,0.3976401,0
XM_027420889.2,4,1,0.42743394,0
XM_027422131.2,4,0,0.17529143,0
XM_027420345.2,4,0,0.21791771,0
XM_027420615.2,4,0,0.29438752,0
XM_027423857.2,4,0,0.2373866,0
XM_035444533.1,4,0,0.32416978,0
XM_027423440.2,4,1,0.3826537,0
XM_027414918.2,4,1,0.65195644,1
XM_027422955.1,4,1,0.37265193,0
XM_035443916.1,4,1,0.50746363,1
XM_027412685.2,4,1,0.61654055,1
XM_027411216.2,4,1,0.84418184,1
XM_027411894.2,4,0,0.10260457,0
XM_035447021.1,4,0,0.2087487,0
XM_027420106.2,4,0,0.2011981,0
XM_027420421.2,4,1,0.91413665,1
XM_027415049.2,4,0,0.71346754,1
XM_027423702.2,4,0,0.85593677,1
XM_027414003.2,4,1,0.71516657,1
XM_027423361.2,4,0,0.30964157,0
XM_027423190.2,4,1,0.77344656,1
XM_027422602.2,4,0,0.50353265,1
XM_027415005.2,4,1,0.8892845,1
XM_027411180.2,4,1,0.5159592,1
XM_027412709.2,4,1,0.5612076,1
XM_027414044.2,4,0,0.35066685,0
XM_027421033.2,4,0,0.35856315,0
XM_027413680.2,4,0,0.4627169,0
XM_027411327.2,4,0,0.10999081,0
XM_027423269.2,4,0,0.58014375,1
XM_027421331.2,4,1,0.8994797,1
XM_027420451.2,4,1,0.6814547,1
XM_035444366.1,4,0,0.28383175,0
XM_027416135.2,4,1,0.78991723,1
XM_027413912.2,4,1,0.49502894,0
XM_035443426.1,4,0,0.18270259,0
XM_035444566.1,4,0,0.33634007,0
XM_027420682.2,4,1,0.46056437,0
XM_027420595.2,4,1,0.5146418,1
XM_027414823.2,4,0,0.39721662,0
XM_027420414.2,4,1,0.5188606,1
XM_027411948.2,4,1,0.60878193,1
XM_027411285.2,4,0,0.7908028,1
XM_027411161.2,4,1,0.6785889,1
XM_027422150.2,4,1,0.744564,1
XM_027420632.2,4,1,0.47082496,0
XM_027412354.2,4,1,0.7589123,1
XM_027415519.2,4,1,0.8967308,1
XM_027422870.2,4,1,0.5590447,1
XM_027411877.2,4,0,0.7268054,1
XM_035444739.1,4,1,0.42538458,0
XM_027411133.2,4,0,0.10236777,0
XM_027415546.2,4,0,0.3713867,0
XM_035443273.1,4,1,0.31944314,0
XM_027412771.2,4,1,0.61547756,1
XM_027421614.2,4,1,0.65903515,1
XM_035443941.1,4,1,0.3920797,0
XM_035444167.1,4,1,0.37157103,0
XM_027423788.2,4,0,0.35940206,0
XM_027423181.2,4,1,0.21588404,0
XM_035446575.1,4,1,0.50211257,1
XM_027411470.2,4,0,0.34703162,0
XM_027414627.2,4,1,0.590582,1
XM_027415644.2,4,0,0.37553352,0
XM_027414222.2,4,0,0.5939746,1
XM_027415117.2,4,0,0.37014472,0
XM_035446509.1,4,0,0.35389638,0
XM_027410900.2,4,1,0.92200184,1
XM_027421929.2,4,0,0.40603003,0
XM_035446587.1,4,0,0.18261409,0
XM_035446961.1,4,0,0.15964393,0
NM_001246808.1,4,1,0.24045077,0
XM_035443606.1,4,1,0.488786,0
XM_035444574.1,4,0,0.13886258,0
XM_027422668.2,4,0,0.17265719,0
XM_027412766.2,4,1,0.7301489,1
XM_027421526.2,4,1,0.4116065,0
XM_035444675.1,4,0,0.0335875,0
XM_027423470.2,4,0,0.13392913,0
XM_027414784.2,4,1,0.62988585,1
XM_027421611.2,4,0,0.52340716,1
XM_027423346.2,4,0,0.52090645,1
XM_035446968.1,4,0,0.32190096,0
XM_035443839.1,4,0,0.3518661,0
XM_027411303.2,4,1,0.74104285,1
XM_027411308.2,4,0,0.5145896,1
XM_027421628.2,4,1,0.7397447,1
XM_027415568.2,4,0,0.81020325,1
XM_027411875.2,4,1,0.4120195,0
XM_027423449.2,4,1,0.24287458,0
XM_027411325.1,4,1,0.7396597,1
XM_027420590.2,4,1,0.42208838,0
XM_027414636.2,4,0,0.14824778,0
XM_035446809.1,4,0,0.2125555,0
XM_027422854.2,4,1,0.7634629,1
XM_027422642.2,4,1,0.84453785,1
XM_035444401.1,4,0,0.14550489,0
XM_027415795.2,4,0,0.44143844,0
XM_027412712.2,4,0,0.34073183,0
XM_027422996.2,4,1,0.65506995,1
XM_027415975.2,4,0,0.37181094,0
XM_027420570.2,4,0,0.28951457,0
XM_035443578.1,4,1,0.7934697,1
XM_027415479.2,4,1,0.8085854,1
XM_035446795.1,4,0,0.37931502,0
XM_027415922.2,4,1,0.50360453,1
XM_035443404.1,4,0,0.6562694,1
NM_001246819.1,4,0,0.30740654,0
XM_027421252.2,4,1,0.6738448,1
XM_027415504.2,4,1,0.19373614,0
XM_035446699.1,4,1,0.33752975,0
XM_035443747.1,4,0,0.19018026,0
XM_027411366.2,4,1,0.7660328,1
XM_035447156.1,4,0,0.15284063,0
XM_035443912.1,4,1,0.47001007,0
XM_035444619.1,4,0,0.12922993,0
XM_027420990.2,4,0,0.33622655,0
XM_027411552.1,4,1,0.70034206,1
XM_027414456.2,4,1,0.58249754,1
XM_027416188.2,4,0,0.77284044,1
XM_027413858.2,4,0,0.34714746,0
XM_027413368.2,4,0,0.09580421,0
XM_035444151.1,4,0,0.27761507,0
XM_027422929.2,4,1,0.51976234,1
XM_035443558.1,4,0,0.19895892,0
XM_027422089.2,4,1,0.2591446,0
XM_027421844.2,4,1,0.93158126,1
XM_027412587.2,4,0,0.22585945,0
XM_035446613.1,4,0,0.52323496,1
XM_027423476.2,4,1,0.93466085,1
NM_001244034.1,4,1,0.88027835,1
XM_027414334.2,4,1,0.8945816,1
XM_027422840.2,4,1,0.5926911,1
XM_027423505.2,4,0,0.2376983,0
XM_027421398.2,4,0,0.5212546,1
XM_035444668.1,4,0,0.18695495,0
XM_027419995.2,4,1,0.40888742,0
XM_035444676.1,4,1,0.08160504,0
XM_027413000.2,4,1,0.67910826,1
XM_027422893.2,4,1,0.80739236,1
XM_027415798.2,4,1,0.5046892,1
XM_027411975.2,4,0,0.30619997,0
XM_027414626.2,4,0,0.03633914,0
XM_027416230.2,4,0,0.57069093,1
XM_027412502.2,4,1,0.77341247,1
XM_035443871.1,4,1,0.7515049,1
XM_027421372.2,4,1,0.8175657,1
XM_027415154.2,4,1,0.35906276,0
XM_027423110.2,4,1,0.65112954,1
XM_035446002.1,4,1,0.337377,0
XM_027419854.2,4,0,0.24354655,0
NM_001244098.1,4,0,0.5568067,1
XM_027422148.2,4,1,0.8111834,1
XM_027410938.2,4,1,0.83912313,1
XM_027422923.2,4,1,0.8525696,1
XM_027415114.1,4,1,0.52454597,1
XM_035443735.1,4,0,0.3956189,0
XM_027420475.1,4,1,0.52609396,1
XM_027414958.2,4,0,0.7449596,1
XM_027415433.2,4,0,0.34380046,0
XM_027413985.2,4,1,0.9124219,1
XM_027416164.2,4,1,0.5316994,1
XM_035446973.1,4,0,0.5109081,1
XM_027423030.2,4,1,0.629478,1
XM_027415057.2,4,1,0.377081,0
XM_027414385.2,4,1,0.864296,1
XM_035446869.1,4,0,0.683695,1
XM_035443263.1,4,1,0.83307576,1
XM_035446885.1,4,0,0.46708468,0
XM_027415396.2,4,0,0.3536496,0
XM_027422677.2,4,1,0.59535694,1
XM_027413481.2,4,0,0.31419724,0
XM_027422175.2,4,1,0.45301688,0
XM_027421424.2,4,1,0.6617091,1
XM_027422260.2,4,1,0.80932784,1
XM_035446001.1,4,1,0.4901513,0
XM_035447882.1,5,0,0.67255306,1
XM_027417935.2,5,0,0.2425222,0
XM_035448351.1,5,0,0.59882724,1
XM_027416969.2,5,0,0.30864143,0
XM_027418397.2,5,1,0.7144293,1
XM_027418418.2,5,0,0.24393053,0
XM_027418630.2,5,1,0.5426436,1
XM_035447628.1,5,0,0.39992782,0
XM_027417552.2,5,1,0.45712575,0
XM_027425530.2,5,1,0.6731796,1
XM_035445579.1,5,0,0.31671277,0
XM_035445297.1,5,1,0.7222627,1
XM_035447362.1,5,0,0.07620167,0
XM_027424412.2,5,0,0.25769067,0
XM_035448273.1,5,0,0.34719265,0
XM_027416803.2,5,1,0.47888896,0
XM_027425396.2,5,0,0.80663276,1
XM_027425399.2,5,1,0.4587324,0
XM_027418696.2,5,1,0.72891325,1
XM_035445655.1,5,0,0.39932293,0
XM_027419747.2,5,1,0.79948,1
XM_027424337.2,5,1,0.8973145,1
XM_035445821.1,5,0,0.5301699,1
XM_027428058.2,5,0,0.24796236,0
XM_035445050.1,5,1,0.35862643,0
XM_027419031.2,5,1,0.463765,0
XM_027426391.2,5,1,0.95873564,1
XM_027418372.2,5,0,0.20081931,0
XM_027428043.2,5,0,0.51349604,1
XM_027425400.2,5,1,0.402045,0
XM_027417531.2,5,1,0.87806153,1
XM_027424693.2,5,1,0.90348685,1
XM_027416728.2,5,0,0.39614314,0
XM_027418173.2,5,1,0.5463319,1
XM_027418952.2,5,0,0.29594383,0
XM_027417156.2,5,0,0.2933489,0
XM_027424235.2,5,0,0.44557202,0
XM_027425995.2,5,0,0.60363734,1
XM_027418354.2,5,1,0.897079,1
XM_027418106.2,5,0,0.20368898,0
XM_035447880.1,5,1,0.41848564,0
XM_027425832.2,5,0,0.7803316,1
XM_035447833.1,5,1,0.37678415,0
XM_027427242.2,5,0,0.41580623,0
XM_027424426.2,5,1,0.54123485,1
XM_027416733.2,5,1,0.86984664,1
XM_027425039.2,5,0,0.45898613,0
XM_027425869.2,5,0,0.34097037,0
XM_027419706.2,5,1,0.95235604,1
XM_027416988.2,5,1,0.9443279,1
XM_035445953.1,5,0,0.32465732,0
XM_027419061.2,5,0,0.23683801,0
XM_035445914.1,5,0,0.23473439,0
XM_027424865.2,5,1,0.65906954,1
XM_027417417.2,5,0,0.40519246,0
XM_027426373.2,5,1,0.7106219,1
XM_027419456.2,5,0,0.7957164,1
XM_027416673.2,5,1,0.86883134,1
XM_027417571.2,5,0,0.59149176,1
XM_027416490.2,5,0,0.67901105,1
XM_027424037.2,5,0,0.22384456,0
XM_027426456.2,5,0,0.24564373,0
XM_027426108.1,5,0,0.2606533,0
XM_035447311.1,5,0,0.33484933,0
XM_027425912.2,5,0,0.58063984,1
XM_027416553.2,5,0,0.63487446,1
XM_035448140.1,5,0,0.25075546,0
XM_027424057.2,5,0,0.23916999,0
XM_027417955.2,5,1,0.91014314,1
XM_035445361.1,5,1,0.85206497,1
XM_027418792.2,5,0,0.35797247,0
XM_035447234.1,5,1,0.23888968,0
XM_035447370.1,5,1,0.6864313,1
XM_035445665.1,5,1,0.27452117,0
XM_027427464.2,5,0,0.7433371,1
XM_027426450.2,5,0,0.16507043,0
XM_035445458.1,5,1,0.3878182,0
XM_027428107.2,5,1,0.44669935,0
XM_035445341.1,5,1,0.24425085,0
XM_035448064.1,5,0,0.30409232,0
XM_027427876.2,5,1,0.87109,1
XM_027424051.2,5,1,0.8967238,1
XM_027417248.2,5,0,0.73514515,1
XM_027416647.2,5,1,0.61963946,1
XM_027425073.2,5,1,0.72246486,1
XM_027424524.2,5,0,0.29878327,0
XM_035447947.1,5,0,0.39389008,0
XM_027425271.2,5,1,0.9298373,1
XM_027426784.2,5,1,0.24693595,0
XM_027418807.2,5,0,0.23198932,0
XM_027427429.2,5,1,0.67596054,1
XM_035447292.1,5,0,0.4813379,0
XM_035445589.1,5,0,0.21682346,0
XM_035448111.1,5,0,0.24492781,0
XM_027416579.2,5,1,0.50802475,1
XM_035445455.1,5,0,0.49741596,0
XM_027417126.2,5,1,0.5967927,1
XM_027416681.2,5,0,0.4969942,0
XM_027417981.2,5,1,0.6830034,1
XM_027419745.2,5,0,0.7345534,1
XM_035447614.1,5,0,0.30482945,0
XM_027427067.1,5,1,0.79089195,1
XM_027426930.2,5,1,0.650097,1
XM_035447983.1,5,0,0.5678979,1
XM_027425523.2,5,1,0.6344453,1
XM_027418215.2,5,0,0.33091664,0
XM_027419275.2,5,1,0.32163918,0
XM_027417242.2,5,1,0.8763925,1
XM_027417792.2,5,0,0.44164994,0
XM_035447235.1,5,0,0.33553338,0
XM_035445018.1,5,1,0.6812116,1
XM_027417479.2,5,0,0.7921887,1
XM_035447966.1,5,1,0.77695835,1
XM_035445583.1,5,0,0.149728,0
XM_027426873.2,5,1,0.6632673,1
XM_035447363.1,5,0,0.29110396,0
XM_027428143.2,5,0,0.57789475,1
XM_027417360.2,5,1,0.8468474,1
XM_027424285.2,5,1,0.48205876,0
XM_027424553.2,5,1,0.89104676,1
XM_027426717.2,5,0,0.30436054,0
XM_027418438.2,5,0,0.32327396,0
XM_027417146.2,5,0,0.35421878,0
XM_027427293.2,5,1,0.67596334,1
XM_027416523.2,5,1,0.863333,1
XM_027425352.2,5,1,0.79606175,1
XM_027416812.2,5,1,0.58146435,1
XM_027425190.2,5,0,0.6533374,1
XM_027418759.2,5,1,0.5115456,1
XM_027426961.2,5,1,0.2967995,0
XM_027426299.2,5,1,0.47045872,0
XM_027416320.2,5,1,0.81687707,1
XM_027418863.2,5,0,0.50017124,1
XM_027426684.2,5,0,0.46200052,0
XM_027424837.2,5,0,0.22482207,0
XM_035448236.1,5,0,0.4640612,0
XM_027427999.2,5,1,0.6297864,1
XM_027426103.2,5,1,0.62827355,1
XM_027418538.2,5,1,0.77891773,1
XM_027424463.2,5,1,0.80882937,1
XM_027427018.2,5,0,0.74937606,1
XM_035445346.1,5,0,0.3875455,0
XM_035445570.1,5,0,0.4717065,0
XM_027424499.2,5,1,0.29186356,0
XM_027418501.2,5,1,0.7766227,1
XM_027418823.2,5,0,0.3548762,0
XM_027425906.2,5,0,0.26162964,0
XM_027418571.2,5,0,0.35992205,0
XM_027425608.2,5,0,0.5737237,1
XM_027418979.2,5,0,0.3087042,0
XM_027417161.2,5,0,0.1775913,0
XM_027425420.2,5,1,0.7284339,1
XM_027425729.2,5,0,0.2117004,0
XM_027424983.2,5,0,0.5898206,1
XM_035448146.1,5,1,0.22964287,0
XM_035445795.1,5,0,0.66243154,1
XM_027424573.2,5,0,0.51811993,1
XM_035447566.1,5,1,0.57519746,1
XM_027417234.2,5,0,0.11727125,0
XM_027425335.2,5,1,0.5154118,1
XM_027419134.2,5,0,0.16478239,0
XM_035445344.1,5,0,0.18704475,0
XM_027426063.2,5,1,0.9700655,1
XM_035448107.1,5,0,0.35343093,0
XM_027424873.2,5,1,0.5675064,1
XM_035445597.1,5,0,0.17211135,0
XM_035445682.1,5,0,0.17607333,0
XM_035445595.1,5,0,0.5637118,1
XM_027425311.2,5,1,0.30697173,0
XM_027425312.2,5,1,0.73198974,1
XM_027426481.2,5,0,0.23956497,0
XM_035447961.1,5,0,0.5009518,1
XM_035445735.1,5,0,0.2574118,0
XM_027419452.2,5,1,0.4410681,0
XM_027427821.2,5,1,0.77561975,1
XM_027427993.2,5,1,0.57326555,1
XM_027416293.2,5,1,0.7501189,1
XM_027426458.2,5,0,0.28199264,0
XM_027427545.2,5,0,0.5736746,1
XM_027426706.2,5,1,0.8575015,1
XM_027424970.2,5,1,0.770428,1
XM_027424087.2,5,1,0.33678493,0
XM_027426920.2,5,1,0.26966503,0
XM_027424254.2,5,0,0.39156443,0
XM_027419161.2,5,1,0.7946828,1
XM_027417187.2,5,1,0.6414578,1
XM_027426056.2,5,1,0.7644842,1
XM_027424435.2,5,1,0.8281572,1
XM_027416789.2,5,1,0.6641703,1
XM_027418221.2,5,0,0.32575947,0
XM_027417527.2,5,0,0.3245234,0
XM_027417774.2,5,0,0.45904893,0
XM_035444883.1,5,0,0.28728378,0
XM_027424773.2,5,1,0.33258265,0
XM_035447406.1,5,0,0.3852091,0
XM_027428169.2,5,0,0.66820097,1
XM_027416995.2,5,1,0.7314995,1
NM_001246781.1,5,1,0.32390407,0
XM_027416889.2,5,1,0.8716214,1
XM_027428029.2,5,0,0.6607505,1
XM_027425409.2,5,1,0.8124409,1
XM_027416362.2,5,0,0.4762159,0
XM_035445258.1,5,1,0.3621864,0
XM_027427479.2,5,0,0.8050282,1
XM_035447571.1,5,1,0.8606315,1
XM_027424226.2,5,1,0.498411,0
XM_027424975.2,5,0,0.5537523,1
XM_027417078.2,5,0,0.79301286,1
XM_035448155.1,5,1,0.39804843,0
XM_035448029.1,5,0,0.43660495,0
XM_027424706.2,5,0,0.49021626,0
XM_027424106.2,5,1,0.36066765,0
XM_035445829.1,5,0,0.3406493,0
XM_027417677.2,5,1,0.5883877,1
XM_027426215.2,5,0,0.4632999,0
XM_035445560.1,5,0,0.36667985,0
NM_001244078.1,5,1,0.6074538,1
XM_027418659.2,5,1,0.20090769,0
XM_027424699.2,5,1,0.68802893,1
XM_035448172.1,5,0,0.2078254,0
XM_027427344.2,5,1,0.66141474,1
XM_027419311.2,5,0,0.24828975,0
XM_035447798.1,5,0,0.2922179,0
XM_027418723.2,5,1,0.9096674,1
XM_027417488.2,5,0,0.83189106,1
XM_035445669.1,5,0,0.3472965,0
XM_027418114.2,5,1,0.2818828,0
XM_035448288.1,5,0,0.45102683,0
XM_027417550.2,5,1,0.82035893,1
XM_027417241.2,5,1,0.7901333,1
XM_027418897.2,5,0,0.4331848,0
XM_027424175.2,5,1,0.8892769,1
XM_027418222.2,5,1,0.72039807,1
XM_035447189.1,5,0,0.1762855,0
XM_027418917.2,5,0,0.36485603,0
XM_035447657.1,5,0,0.20319998,0
XM_035445769.1,5,1,0.4376326,0
XM_027427749.2,5,0,0.116905846,0
XM_027419065.2,5,0,0.1661167,0
XM_027417285.2,5,1,0.64299095,1
XM_027418470.2,5,0,0.35087216,0
XM_027418919.2,5,0,0.43634382,0
XM_027418420.2,5,0,0.36541852,0
XM_027418125.2,5,1,0.26579967,0
XM_027424125.2,5,0,0.8071908,1
XM_027428173.2,5,0,0.24155453,0
XM_027426211.2,5,1,0.1829826,0
XM_035447595.1,5,1,0.7250231,1
XM_027417875.2,5,1,0.44665182,0
XM_027418334.2,5,1,0.7397161,1
XM_027426501.2,5,0,0.12213703,0
XM_027426502.2,5,0,0.089806646,0
XM_027424831.2,5,0,0.16758886,0
XM_035445110.1,5,0,0.39182767,0
XM_035445174.1,5,1,0.68719363,1
XM_035445844.1,5,0,0.23354521,0
XM_027427419.2,5,0,0.43000296,0
XM_035445173.1,5,0,0.41010976,0
XM_027428208.2,5,0,0.7790472,1
XM_027427594.2,5,0,0.41611186,0
XM_027427677.2,5,0,0.5880888,1
XM_035448082.1,5,0,0.16809504,0
XM_027427676.2,5,0,0.3624105,0
XM_035447865.1,5,0,0.59147966,1
XM_027424925.2,5,1,0.57982653,1
XM_027425356.2,5,1,0.3126926,0
XM_035448180.1,5,0,0.18325248,0
XM_027417062.1,5,1,0.81643265,1
XM_035448337.1,5,0,0.22516291,0
XM_035445668.1,5,0,0.61044216,1
XM_035447357.1,5,0,0.25923407,0
XM_035445586.1,5,1,0.27004594,0
XM_035448091.1,5,0,0.18281966,0
XM_027419534.2,5,1,0.31417772,0
XM_027416838.2,5,1,0.33207655,0
XM_027418857.2,5,0,0.1699665,0
XM_035445809.1,5,0,0.19033729,0
XM_035444841.1,5,0,0.22517309,0
XM_035447572.1,5,1,0.15812665,0
XM_027418226.2,5,0,0.35479295,0
XM_035445880.1,5,0,0.3715234,0
XM_027419773.2,5,0,0.5399334,1
XM_035448088.1,5,0,0.25954193,0
XM_027418141.2,5,0,0.44666776,0
XM_027418706.2,5,1,0.59952605,1
XM_035448151.1,5,1,0.1913502,0
XM_027416319.2,5,1,0.5400505,1
XM_035445851.1,5,0,0.29438564,0
XM_035444921.1,5,1,0.37222984,0
XM_027416972.1,5,0,0.2707552,0
XM_027418071.2,5,0,0.19293852,0
XM_027418176.2,5,1,0.4132899,0
XM_027418862.2,5,0,0.40045217,0
XM_035447584.1,5,0,0.4989051,0
XM_027425445.2,5,1,0.5475439,1
XM_027427165.2,5,0,0.46067744,0
XM_027427315.2,5,0,0.457394,0
XM_027427325.2,5,0,0.35532424,0
XM_027427701.2,5,1,0.6716419,1
XM_035444844.1,5,0,0.15243424,0
XM_035445855.1,5,0,0.2405632,0
XM_035445861.1,5,0,0.2573055,0
XM_035447599.1,5,0,0.16105057,0
XM_035447610.1,5,0,0.3698061,0
XM_035447898.1,5,0,0.41419673,0
XM_035448149.1,5,0,0.1566606,0
XM_035448261.1,5,0,0.29306203,0
XM_035448340.1,5,0,0.38188285,0
XM_027417503.2,5,0,0.55506384,1
XM_027417363.2,5,0,0.22096893,0
XM_027417582.2,5,0,0.39189544,0
XM_027423954.2,5,0,0.11469604,0
XM_027416875.2,5,0,0.2793612,0
XM_027425357.2,5,1,0.5050055,1
XM_027424186.2,5,0,0.57335645,1
XM_027419714.2,5,0,0.15755033,0
XM_035445872.1,5,1,0.259616,0
XM_027425275.2,5,1,0.55757475,1
XM_027425143.2,5,1,0.7996114,1
XM_027419464.2,5,0,0.3493328,0
XM_035445294.1,5,1,0.80813867,1
XM_027418172.2,5,1,0.9080125,1
XM_035447900.1,5,1,0.38303426,0
XM_027427657.2,5,1,0.62332904,1
XM_027424701.2,5,0,0.9453384,1
XM_027425289.2,5,0,0.6860591,1
XM_027427316.2,5,1,0.4490134,0
XM_027427706.2,5,0,0.17144445,0
XM_027425303.2,5,1,0.6685658,1
XM_027417176.2,5,1,0.66630423,1
XM_027418770.2,5,1,0.922073,1
XM_027416512.2,5,1,0.815221,1
XM_027424921.1,5,0,0.5181889,1
XM_027426274.2,5,1,0.7046939,1
XM_027418238.2,5,1,0.85988015,1
XM_027424477.2,5,1,0.36602667,0
XM_027419032.2,5,1,0.2927247,0
XM_027427860.2,5,0,0.20687705,0
XM_027425128.2,5,1,0.88385755,1
XM_027425643.2,5,1,0.7538894,1
XM_027419264.2,5,0,0.53425395,1
XM_027425716.2,5,0,0.5002966,1
XM_027424116.2,5,1,0.8684583,1
XM_027425070.2,5,0,0.32650292,0
XM_027424974.2,5,0,0.86979437,1
XM_027417561.2,5,0,0.3009184,0
XM_035447774.1,5,0,0.22855215,0
XM_027427596.2,5,1,0.5488954,1
XM_027417008.2,5,1,0.9137363,1
XM_027417373.2,5,0,0.17888601,0
XM_027418961.2,5,1,0.741705,1
XM_027418030.2,5,0,0.7223854,1
XM_027426051.2,5,1,0.803803,1
XM_035445479.1,5,1,0.3251689,0
XM_027419690.2,5,0,0.5770972,1
XM_027427602.2,5,1,0.7589317,1
XM_027428151.2,5,1,0.46795353,0
XM_035448303.1,5,0,0.54200405,1
XM_027427333.2,5,0,0.6762008,1
XM_027425012.2,5,0,0.72229856,1
XM_027417365.2,5,1,0.199631,0
XM_035447753.1,5,0,0.3342136,0
XM_027417469.2,5,0,0.3021413,0
XM_035445653.1,5,0,0.52899295,1
XM_027419100.2,5,1,0.8255943,1
XM_027418690.2,5,1,0.8317148,1
XM_027424629.2,5,0,0.20752424,0
XM_027424961.2,5,1,0.76107,1
XM_027417654.2,5,1,0.92036086,1
XM_027423978.2,5,1,0.54867977,1
XM_027417088.2,5,1,0.8024538,1
XM_027426879.2,5,1,0.76775277,1
NM_001305117.1,5,0,0.79338837,1
XM_027417574.2,5,0,0.28103325,0
XM_027424129.2,5,1,0.36833826,0
XM_027424880.2,5,1,0.6216149,1
XM_027424075.2,5,1,0.46184915,0
XM_027425387.1,5,0,0.24166423,0
XM_027418103.2,5,0,0.24714991,0
XM_027424676.2,5,1,0.9142737,1
XM_027427519.2,5,0,0.17032067,0
NM_001244851.1,5,1,0.4020303,0
XM_027419006.2,5,1,0.8121572,1
XM_035447913.1,5,0,0.7192298,1
XM_027418537.2,5,1,0.22396632,0
XM_035445771.1,5,0,0.35067186,0
XM_027426616.2,5,1,0.7326649,1
XM_027427603.2,5,1,0.53786683,1
XM_027418945.2,5,1,0.82765895,1
XM_035447950.1,5,0,0.4110218,0
XM_027424071.2,5,1,0.5302903,1
XM_027424423.2,5,0,0.28428188,0
XM_035445347.1,5,0,0.27607396,0
XM_027419313.2,5,1,0.8114631,1
XM_027428046.2,5,1,0.5068987,1
XM_027419657.2,5,1,0.9220723,1
XM_027418147.1,5,1,0.84501624,1
NM_001244002.2,5,1,0.7200999,1
XM_027418235.2,5,1,0.52269125,1
XM_027426390.2,5,1,0.8777652,1
XM_027424464.2,5,1,0.8931077,1
XM_027417535.2,5,1,0.88523537,1
XM_027418002.2,5,1,0.9163843,1
XM_027425402.2,5,1,0.25952888,0
XM_035445841.1,5,0,0.28732684,0
XM_027417573.2,5,0,0.29317874,0
XM_027425588.2,5,1,0.9173259,1
XM_027426346.2,5,1,0.41668314,0
XM_027416816.2,5,1,0.324098,0
XM_027424396.2,5,0,0.16826035,0
XM_027419691.1,5,0,0.77948844,1
XM_027424078.2,5,0,0.6002037,1
XM_027426919.2,5,0,0.20824115,0
XM_027428081.2,5,1,0.5424114,1
XM_027418489.2,5,1,0.7571238,1
XM_027424559.2,5,0,0.42732313,0
XM_027425031.2,5,0,0.37940314,0
XM_027418830.2,5,1,0.5774599,1
XM_027426531.2,5,0,0.26839912,0
XM_027417656.2,5,1,0.4078553,0
XM_027417662.2,5,0,0.35906538,0
XM_027425363.2,5,1,0.5545054,1
XM_027416821.2,5,1,0.75743616,1
XM_027424430.2,5,0,0.3990971,0
XM_027416535.2,5,1,0.5241882,1
XM_027418373.2,5,0,0.34388652,0
XM_035445588.1,5,1,0.43507555,0
XM_027426715.2,5,1,0.6942738,1
XM_035448183.1,5,1,0.7298865,1
XM_035445940.1,5,0,0.14129646,0
XM_027417355.2,5,1,0.78051335,1
XM_035445811.1,5,0,0.15289837,0
XM_035445272.1,5,0,0.2080082,0
XM_027417350.2,5,0,0.35846877,0
XM_027425158.2,5,1,0.5031882,1
XM_027424609.2,5,0,0.60229605,1
XM_027418255.2,5,1,0.4811104,0
XM_027424791.2,5,1,0.65901846,1
NM_001285919.1,5,1,0.34202904,0
XM_027419453.2,5,1,0.7214887,1
XM_035447474.1,5,1,0.40444732,0
XM_027424913.2,5,1,0.56853586,1
XM_027426881.2,5,1,0.7705774,1
XM_027427081.2,5,1,0.7551093,1
XM_027425761.2,5,1,0.54290855,1
XM_035448094.1,5,1,0.3314306,0
XM_027425931.2,5,1,0.81501067,1
XM_035444931.1,5,0,0.29904243,0
XM_035448156.1,5,0,0.22191478,0
XM_027416834.2,5,1,0.8261901,1
XM_035445087.1,5,1,0.9139766,1
XM_027425661.2,5,1,0.6598422,1
XM_027426740.2,5,0,0.30009347,0
NM_001244042.1,5,1,0.22383732,0
XM_027418832.2,5,1,0.84081537,1
XM_035445816.1,5,0,0.1585764,0
XM_035445815.1,5,0,0.28514826,0
XM_027427017.2,5,1,0.5748631,1
XM_035445549.1,5,0,0.26129153,0
XM_027426748.2,5,1,0.42355764,0
XM_035448314.1,5,0,0.39213502,0
XM_035448131.1,5,0,0.18822998,0
XM_035447205.1,5,0,0.35429978,0
XM_027419286.2,5,1,0.6041709,1
XM_027417521.2,5,0,0.47515765,0
XM_027426343.2,5,0,0.42678207,0
XM_035448147.1,5,1,0.2939079,0
XM_035445175.1,5,0,0.2110933,0
XM_027426950.1,5,0,0.4870208,0
XM_035448039.1,5,0,0.32750303,0
XM_027417160.1,5,1,0.81768,1
XM_027426906.2,5,1,0.73183155,1
XM_027416383.2,5,0,0.3927443,0
XM_027427074.2,5,1,0.5218298,1
XM_035445882.1,5,0,0.24015367,0
XM_035445660.1,5,0,0.413041,0
XM_035447904.1,5,0,0.45266604,0
XM_027417954.2,5,0,0.35158354,0
XM_027426737.2,5,0,0.49367452,0
XM_035448185.1,5,0,0.36366087,0
XM_035445532.1,5,0,0.30228424,0
XM_027424960.2,5,1,0.30573916,0
XM_027418628.2,5,0,0.712354,1
XM_027425244.2,5,1,0.80043,1
XM_027418249.2,5,1,0.92615426,1
XM_027419712.2,5,1,0.88220865,1
XM_027425526.2,5,1,0.5741863,1
XM_027426591.2,5,1,0.8275308,1
XM_027426898.2,5,0,0.6597817,1
XM_027426088.2,5,1,0.934786,1
XM_027427003.2,5,1,0.29317218,0
XM_027426825.2,5,0,0.8175219,1
XM_027427648.2,5,1,0.4966418,0
XM_027426100.2,5,0,0.25764215,0
XM_027425607.1,5,1,0.83785033,1
XM_027426298.2,5,1,0.7813175,1
XM_027419394.2,5,1,0.3349313,0
XM_035445813.1,5,0,0.2408261,0
XM_035445261.1,5,1,0.84128505,1
XM_027418691.2,5,0,0.888716,1
XM_027426802.2,5,0,0.7692811,1
XM_027425304.2,5,1,0.8434093,1
XM_027426389.2,5,1,0.50736916,1
XM_035448051.1,5,0,0.25530374,0
XM_035444892.1,5,0,0.4544803,0
XM_027424150.2,5,0,0.32129678,0
XM_027419340.2,5,1,0.39307275,0
XM_027427562.2,5,1,0.7156303,1
XM_027416694.2,5,1,0.33828792,0
XM_027416683.2,5,1,0.8225248,1
XM_027426525.2,5,1,0.7873517,1
XM_027419198.2,5,1,0.4797078,0
XM_027419213.2,5,1,0.44560534,0
XM_027426110.2,5,0,0.34237173,0
XM_027427127.2,5,1,0.59112287,1
XM_027427001.2,5,1,0.46474463,0
XM_027417493.2,5,1,0.69784445,1
XM_035447945.1,5,0,0.19685528,0
XM_027418197.2,5,1,0.8811415,1
XM_035445838.1,5,0,0.2503644,0
XM_027416791.2,5,0,0.30416304,0
XM_027417237.2,5,0,0.22786526,0
XM_027416792.2,5,1,0.49131355,0
XM_035448331.1,5,0,0.1445275,0
XM_027426267.2,5,0,0.2612012,0
XM_027419026.2,5,1,0.6193019,1
NM_001243976.1,5,0,0.49749008,0
XM_035448034.1,5,0,0.28304744,0
XM_035445773.1,5,1,0.37293854,0
XM_027427044.2,5,0,0.65183437,1
XM_027424715.2,5,1,0.5503258,1
XM_027427160.2,5,0,0.544176,1
XM_027425640.2,5,1,0.39690793,0
XM_027427168.2,5,1,0.5711353,1
XM_027425680.2,5,1,0.7654202,1
XM_027428145.2,5,0,0.7296425,1
XM_027424627.2,5,0,0.79185474,1
XM_035448208.1,5,0,0.6920163,1
NM_001281883.1,5,1,0.9110572,1
XM_027417542.2,5,1,0.59515506,1
XM_027424236.1,5,1,0.3188562,0
XM_027424592.2,5,1,0.54696184,1
XM_027416894.2,5,1,0.6264296,1
XM_027417424.2,5,0,0.9507177,1
XM_027417066.2,5,1,0.9414512,1
XM_027427228.2,5,1,0.64555293,1
XM_027426579.2,5,1,0.4838367,0
XM_027425647.2,5,0,0.59348625,1
XM_035448004.1,5,0,0.18924451,0
XM_027418980.2,5,1,0.68802935,1
XM_027419008.2,5,1,0.5355211,1
XM_027425324.2,5,0,0.2793333,0
XM_027417213.2,5,1,0.6234358,1
XM_027416780.2,5,0,0.23173821,0
XM_027426707.2,5,1,0.8673666,1
XM_027418374.2,5,1,0.8284066,1
XM_027426569.2,5,0,0.23213008,0
XM_027419439.2,5,1,0.6474934,1
XM_027418895.2,5,1,0.40496933,0
XM_035448158.1,5,0,0.28593248,0
XM_027426831.2,5,1,0.30968958,0
XM_035448124.1,5,0,0.28807917,0
XM_027419557.1,5,0,0.39185706,0
XM_035445051.1,5,1,0.6324924,1
XM_027424467.2,5,1,0.631961,1
XM_027427373.2,5,1,0.74654824,1
XM_035448363.1,5,0,0.07329508,0
XM_027424859.2,5,0,0.20263106,0
